CartoSanté; ; ; ; ; ; ; ; ; 
Référentiel géographique : France par bassin de vie; ; ; ; ; ; ; ; ; 
Code;Libellé;Part des bénéf. ophtalmo. dans pop. 2024;APL Médecins généralistes 2023;Densité d'orthophonistes lib. 2024;Densité de généralistes lib. 2024;Densité d'infirmiers lib. 2024;Densité de sages-femmes lib. 2024;Part des bénéf. en ALD dans la pop 2024;Densité des pharmacies pour 10 000 hab. 2024
01004;Ambérieu-en-Bugey;35.3;3;24.7;9;17.3;2.8;N/A - secret statistique;2.3
01033;Valserhône;26.2;1.8;20.1;3.4;8;2.7;13.7;2.3
01034;Belley;30.8;3.3;31.1;8.6;21;1.5;N/A - secret statistique;3.1
01053;Bourg-en-Bresse;30.3;3.1;25.6;7.1;16.1;2.7;18.8;2.9
01072;Ceyzériat;30.8;3;16.5;8.8;17.1;3.3;16.4;2.2
01093;Châtillon-sur-Chalaronne;24.5;2;28.8;4;15.6;3.4;N/A - secret statistique;1.7
01138;Culoz-Béon;29.8;3.5;41.4;11.4;16.6;8.2;17;2.1
01143;Divonne-les-Bains;22.3;2.1;9;7.2;4.5;5.1;9.1;1.8
01160;Ferney-Voltaire;15.4;1.8;7.8;3.9;0.8;1.5;7.1;2.4
01173;Gex;20.2;2.4;10.6;3.2;1.8;0.7;7.8;2.1
01185;Plateau d'Hauteville;31.4;1.5;54.7;4.4;33.9;4.3;N/A - secret statistique;4.4
01202;Lagnieu;35.6;2.8;23.2;7;17;6.1;17.2;2.3
01244;Meximieux;34.7;2.8;53.4;6.2;16;4.9;14.7;1.6
01262;Montluel;31.9;3.1;31.4;5.5;15.7;1.6;14.3;2
01265;Montréal-la-Cluse;31;1.8;10.6;3.7;12.7;3.2;14.8;2.7
01266;Montrevel-en-Bresse;30.4;2.5;13.5;5.8;14.4;1.8;17.1;2.2
01283;Oyonnax;32.5;2.5;4.4;4.6;11.2;0.9;17.4;3.1
01304;Pont-d'Ain;34.3;3.6;42.8;17.1;12.8;0;18.4;2.1
01305;Pont-de-Vaux;27.2;2.2;41.5;6;16.6;2.8;N/A - secret statistique;2.8
01333;Saint-André-de-Corcy;29.7;3.2;74.2;6.5;14.8;3.7;16.6;2.8
01354;Saint-Genis-Pouilly;17;1.6;22.5;3.1;2.3;6.3;7.3;1.7
01443;Villars-les-Dombes;27.5;2.9;54.9;9.9;18.7;4.3;16.5;2.2
01457;Vonnas;25.9;2;25.8;3.4;14.6;1.7;16.3;1.7
02095;Bohain-en-Vermandois;20.5;3.1;4.2;6.7;14.7;0.8;17.8;3.4
02163;Charly-sur-Marne;20.2;1.6;0;3.3;14.3;2.1;17.2;2.2
02168;Château-Thierry;21.2;3.4;18.5;6.7;13.9;0.9;N/A - secret statistique;3
02173;Chauny;23.8;2.4;9.3;6.2;15.9;1.2;21.6;3.7
02305;Fère-en-Tardenois;18.3;2.7;17.5;7;17.5;0;18.5;3.5
02360;Villeneuve-sur-Aisne;16.9;3.4;47.3;6.3;14.2;3.1;N/A - secret statistique;3.2
02361;Guise;21.8;3.9;0;6.8;22.3;2.7;N/A - secret statistique;3.2
02381;Hirson;21.1;3.3;22.6;7.5;13.6;0;18.6;4.1
02408;Laon;21.9;2.9;17.4;5.1;14;1.6;18.7;2.8
02468;Marle;19.6;3.3;37.6;7.5;18.8;0;N/A - secret statistique;3.8
02502;Montcornet;17.1;3.2;21.3;8.5;19.1;0;19.3;4.3
02558;Le Nouvion-en-Thiérache;22;3.5;32.2;7.7;26.4;0;19.1;4.5
02691;Saint-Quentin;25.6;4.4;21.3;8.6;20.4;1.3;18.4;3.6
02722;Soissons;18.9;3.2;27.7;7;17.3;2.1;18.2;3.2
02738;Tergnier;19.8;2.4;10.3;3.8;19.2;0.5;16.3;2.8
02789;Vervins;21.2;2.8;43.8;6.6;15.3;2.2;18.8;2.2
02810;Villers-Cotterêts;21.8;2.2;6.7;5;8;0.7;16.3;2.3
03036;Bourbon-l'Archambault;18.3;3.2;28.2;12.7;21.2;0;20.7;4.2
03082;Commentry;29.8;3.3;0;8.3;27.8;0.9;23.2;4.2
03102;Dompierre-sur-Besbre;25.8;2.9;10.1;7.1;19.2;2;22.6;4.1
03118;Gannat;27.7;3.1;15.9;8.4;17.5;0.8;19.9;3.2
03138;Lapalisse;32.4;1.9;0;4.1;24.2;2.7;21.7;3.5
03185;Montluçon;31.2;2.8;10.5;6.1;20;1.8;22;3.8
03186;Montmarault;25.6;2.4;31.9;9.6;22.4;6.4;21.9;3.2
03190;Moulins;20.8;3.8;23.7;9;16.6;3;22.5;4.3
03254;Saint-Pourçain-sur-Sioule;25.1;3.2;0;8.1;15.5;2.4;22.3;1.9
03298;Varennes-sur-Allier;29.4;2.9;0;5.7;12.9;0;21.3;2.9
03310;Vichy;31.5;3.4;16.3;7.8;18.3;1.4;21.3;3.6
04019;Barcelonnette;24.6;5.2;90.7;13.6;25.7;6.1;18.8;7.6
04049;Château-Arnoux-Saint-Auban;30.7;3.9;44.8;10.1;21.3;4.4;24;3.4
04070;Digne-les-Bains;25.6;2.3;29.2;6.6;29.2;2.8;19.7;3.3
04088;Forcalquier;28;3.4;70.7;11.2;27.1;3.4;N/A - secret statistique;2.9
04094;Gréoux-les-Bains;30.9;4;38.7;14.2;21.3;1.3;20.6;3.2
04112;Manosque;31.8;3.9;29.4;9.3;21.3;3.3;18.7;2.9
04143;Oraison;30.7;3.6;12.1;4.8;26.7;2.3;19.8;2.4
04166;Riez;29.3;3.9;19.4;8.7;20.3;1.9;21.4;2.9
04173;Saint-André-les-Alpes;23.9;4.3;31.6;11.6;17.9;2.1;19.7;6.3
04209;Sisteron;29.4;3.5;28.9;7.5;19.1;2.3;20.2;3.5
05006;L'Argentière-la-Bessée;21.9;3.9;54.9;11;18.3;3.7;18.6;3.7
05023;Briançon;20.3;6.1;57;13.5;18.1;3.1;18.9;5.2
05040;Chorges;27.6;3.7;32.2;12.1;27.4;1.6;18.6;3.2
05046;Embrun;27;5.5;52.5;12.8;26.3;2.9;20;3.8
05061;Gap;29.6;5.1;62.6;13.1;22.5;2.1;19.5;3.1
05065;Guillestre;24.8;6.7;50.3;16.3;32.7;7.5;17.9;6.3
05070;Laragne-Montéglin;31.5;2.1;36;6;20.4;0;22.2;2.4
05132;Saint-Bonnet-en-Champsaur;29.1;5.7;25.9;15.6;29.8;5.2;20;5.2
05170;Tallard;28.7;3.4;14.5;8.7;23.2;5.7;N/A - secret statistique;2.9
05179;Veynes;27.9;4.2;54.3;9;31.7;3.6;20.9;4.5
06029;Cannes;36.2;4.4;40.4;11;22.7;1.9;19.8;3.9
06033;Carros;30;3.7;24.6;7.6;15.7;2.2;17.1;2.7
06048;Contes;30.1;2.8;74.3;8.6;27.4;0;18;2.9
06083;Menton;24.3;3.5;29.6;9.6;19.2;0.7;17.6;4.1
06088;Nice;31.7;4.6;53.9;11.5;26.5;2.8;19.6;4
06099;Puget-Théniers;20.5;2.4;32.8;4.4;20.7;0;15.9;6.6
07010;Annonay;26.2;3.1;22.2;4.4;16.2;2.4;18.8;3.2
07019;Aubenas;27.1;3.1;36.2;7.4;24.6;2.8;N/A - secret statistique;3.1
07042;Bourg-Saint-Andéol;27.9;2.1;7.7;7;14.7;4.5;16.8;2.3
07064;Le Cheylard;24;4.7;43.8;12;17.5;0;23.4;3.3
07110;Joyeuse;29.6;3.6;39.8;7;19.9;1.9;20.4;4
07129;Lamastre;27.3;2.5;26.5;8;17.3;0;19.5;1.3
07132;Largentière;32.2;2.6;19.5;5.8;17.5;3.8;19.4;3.9
07186;Privas;21.7;1.9;22.7;4.5;16.5;3.2;23.5;3.2
07201;Ruoms;33.6;3.8;16.1;12.9;33.8;3;23.5;3.2
07324;Tournon-sur-Rhône;28.3;3.2;35.2;8;17.4;1.8;16.9;2.3
07330;Vallon-Pont-d'Arc;29.8;3.3;19;9.5;30.3;0;19.5;1.9
07334;Les Vans;27;3.8;10.6;10.6;30.8;4.1;20.1;3.2
07338;Vernoux-en-Vivarais;27.8;2.8;55.9;8.4;25.2;5.5;20.8;2.8
07341;Villeneuve-de-Berg;27.3;2.5;77.9;7.8;23.4;7.4;16.9;1.9
07349;La Voulte-sur-Rhône;29.6;2.5;27.1;6.1;18.9;1.3;16.6;2.7
08090;Carignan;26.1;2.9;31.5;5.2;13.6;2.1;18;5.2
08105;Charleville-Mézières;34;3.9;32.5;7.8;17.5;2.2;N/A - secret statistique;3.7
08185;Fumay;24.9;2.6;35.6;5.3;16;0;19.7;7.1
08190;Givet;12.4;3.4;63.7;7.1;19.1;1.4;N/A - secret statistique;3.5
08302;Monthermé;32.1;2.3;0;4.9;19.7;0;20.8;6.6
08328;Nouzonville;34.2;2.5;24.6;2.5;17.2;0;20.7;2.5
08362;Rethel;16.5;3.7;18.9;7;12.9;1.1;17.1;3.5
08363;Revin;28.3;3;46.9;4.7;19.4;5.3;19.4;3.4
08409;Sedan;29.7;3.3;31.5;6.5;18.7;2.7;19.2;4.1
08490;Vouziers;20.8;3.8;23.6;10.1;18.9;1.2;19.2;4.7
09122;Foix;28.7;4.4;51.1;11.6;23.2;5.4;20;4.2
09160;Lavelanet;28.2;3.1;28.7;4.8;30.6;0.9;23.5;2.9
09167;Lézat-sur-Lèze;26.9;4.2;80.2;15;37.1;4;N/A - secret statistique;4
09185;Mazères;29.2;3.5;22.3;8.9;25.7;4.3;17.5;3.4
09194;Mirepoix;28.3;2.5;40.6;5.4;17.6;0;19.9;4.1
09225;Pamiers;29.7;4.5;24.1;8.3;27.6;3;17.1;2.2
09261;Saint-Girons;21.8;3.3;37.6;7.5;21.4;2.2;18.7;3
09282;Saverdun;28.7;3;0;9;30.5;3.5;N/A - secret statistique;1.8
09306;Tarascon-sur-Ariège;27.7;3.4;26.2;9.2;28.8;1.3;19.7;3.3
10003;Aix-Villemaur-Pâlis;26.5;2.2;33.3;3.3;12;0;N/A - secret statistique;2
10006;Arcis-sur-Aube;28.3;2.5;21.6;4.3;10.1;3;15.4;2.2
10033;Bar-sur-Aube;26.4;2.3;14.2;5.7;13.5;1.4;19.8;4.3
10034;Bar-sur-Seine;22.9;2.5;17.5;5.8;16.9;2.3;18.3;3.5
10064;Brienne-le-Château;26.5;3.1;10.1;4;11.1;2.1;21.3;3
10268;Nogent-sur-Seine;30.7;2.3;12.5;3.1;11.3;2.5;N/A - secret statistique;2.5
10323;Romilly-sur-Seine;32.8;2.7;7.9;4.5;12.4;1;18;2.9
10387;Troyes;25.2;3.7;23;7.2;11.9;2;16.3;2.5
11049;Bram;23.2;2.8;31.5;6.3;23.9;0;16.7;3.8
11069;Carcassonne;23.5;3.4;25;7.6;23.2;2.5;19.8;3.8
11076;Castelnaudary;26.4;2.9;25.1;5.4;18.4;4.2;16.3;2.9
11106;Coursan;35.6;3.3;15.3;13;26.7;1.5;23;3.8
11203;Lézignan-Corbières;31.9;3.7;29;7.9;24.5;2.1;20.4;4.5
11206;Limoux;25.3;2.9;23.2;5.8;27;2.2;22.6;2.7
11262;Narbonne;33.2;4.2;29.4;9.7;25.6;2.2;20;3.4
11266;Port-la-Nouvelle;34.6;3.1;17;0;22.1;3.2;26.9;5.1
11304;Quillan;23.2;2.7;42.2;7;31.7;2.8;24.2;5.6
11379;Sigean;34.7;3.3;16.4;9;27.8;1.6;21.1;4.1
11397;Trèbes;23.4;4.1;0;9.4;20;2.3;N/A - secret statistique;3.5
12052;Capdenac-Gare;30.9;2.6;24.8;3.7;24.8;0;20.2;2.5
12056;Baraqueville;30.5;3;39.7;6.6;30.4;0;15.8;2.6
12089;Decazeville;32.4;3.5;10.3;7.2;22.7;0;23;4.6
12096;Espalion;28.2;3.8;41.4;10.6;37.8;2.3;21.5;4.7
12119;Laguiole;27.7;3.9;18;9.9;24.4;1.8;N/A - secret statistique;6.3
12120;Laissac-Sévérac l'Église;28.9;3.7;73.4;9.2;16.5;3.6;19.3;3.7
12133;Luc-la-Primaube;29.4;3.7;23.8;9.1;24.3;2.9;18.6;3.3
12138;Marcillac-Vallon;28.8;3.3;31;8.5;14.7;3.1;18.1;2.3
12145;Millau;30.8;3.6;58.6;9.4;25.5;4.1;19.3;3.6
12148;Montbazens;31.4;3.7;35.9;10.8;44.9;0;19;3.6
12169;Naucelle;31.9;4.3;43.4;17.3;41.2;4.2;22.4;4.3
12197;Réquista;25.9;2.5;0;6.7;34.4;1.9;21.8;4.8
12198;Rieupeyroux;31.6;2.9;36.3;5.4;54.5;0;23.8;3.6
12199;Rignac;28.9;3.5;24.6;7.4;34.4;4.9;15.9;4.9
12202;Rodez;29.7;3.9;30.3;7.1;23.2;3.8;19.6;3.6
12208;Saint-Affrique;20.5;2.6;22.6;6.8;29.9;3.6;N/A - secret statistique;4.5
12224;Saint Geniez d'Olt et d'Aubrac;28.9;3.1;0;5;20;0;22.1;5
12270;Sévérac d'Aveyron;31.9;2.8;39.1;7.8;27.4;3.9;21.3;3.9
12300;Villefranche-de-Rouergue;30.2;3.2;20.3;6.4;29.1;2;19.4;2.7
13001;Aix-en-Provence;28.7;4.5;54.3;11.3;19.1;3.2;16.1;3.1
13004;Arles;30;4.3;20.9;9.8;28;2;19.9;4.4
13022;Cassis;37.8;5.1;46.5;12.9;32;2.9;19.8;4.1
13035;Eyguières;37.9;3.1;57.8;10.1;21.7;0;17;2.9
13037;La Fare-les-Oliviers;25.5;4.4;44.7;6.7;90.5;0;16.1;2.2
13047;Istres;35.3;2.9;20.1;6.5;19.6;2.3;18.4;3
13050;Lambesc;31.1;4.3;39.1;11.7;16.6;0.9;16.4;2.9
13051;Lançon-Provence;31.6;4.5;51.9;11.4;21.8;2;16.4;2.1
13053;Mallemort;33.1;3.7;35.4;7.7;15.3;4.7;17.1;2.9
13054;Marignane;28;4.6;27.8;10.1;22.3;1.7;19.6;3.1
13055;Marseille;27;5;55;11.2;30.4;2.8;N/A - secret statistique;3.9
13056;Martigues;34.8;3.6;18.3;7.5;42.4;1.6;21;3.7
13063;Miramas;31.3;3.3;27.6;7.7;36.5;0.5;16.4;2.8
13074;Peyrolles-en-Provence;31;3.5;53.4;11.6;18.7;0;16.6;2.7
13078;Port-Saint-Louis-du-Rhône;28.6;3.9;23.5;3.5;34.1;2.3;21.3;2.4
13080;Le Puy-Sainte-Réparade;33.4;3.7;32.5;6.5;87.7;3.2;18.8;3.2
13084;La Roque-d'Anthéron;30.8;3.4;77.5;9;30.4;3.7;20;2.6
13088;Le Rove;31.4;5.2;45.5;5.5;18.2;3.5;18.5;2.7
13096;Saintes-Maries-de-la-Mer;33.1;7.6;0;21.9;21.9;0;26.5;4.4
13097;Saint-Martin-de-Crau;35;4.1;37.8;10.5;20.6;4.1;18.9;2.5
13100;Saint-Rémy-de-Provence;37;4.2;39.7;14.9;32.7;3.7;19.4;4
13103;Salon-de-Provence;32.1;4.3;54.7;7.4;19.3;4.1;17.1;2.9
13104;Sausset-les-Pins;42.9;3.3;45.2;18.1;30.1;2.9;22.6;3
13105;Sénas;33.4;5;33.7;11.2;33.7;2.2;18.4;3.4
14020;Argences;30.7;3.1;26.8;8.7;8;2.6;16.3;2
14027;Les Monts d'Aunay;33;3.2;0;9.1;10.4;0;N/A - secret statistique;2.6
14047;Bayeux;30.7;3.5;36.9;7.8;14.8;1.9;20.9;2.5
14118;Caen;29;5.5;48.3;10.9;10.2;2.5;16.3;2.9
14174;Condé-en-Normandie;28.1;3.5;6.8;11.6;11.6;1.4;20.8;3.4
14191;Courseulles-sur-Mer;34.3;3.8;17.9;9.5;17.3;0;21.9;3
14225;Dives-sur-Mer;31.6;3.6;23.4;8.4;17.8;4.4;24.4;3.3
14228;Douvres-la-Délivrande;35.3;4.2;36.8;9.2;12.9;0.9;18.7;3.2
14257;Évrecy;34.2;3;66.1;9.9;9.9;4.4;13.3;2.2
14258;Falaise;24.2;3.9;21.6;7.4;11.1;1.8;17.3;2.2
14333;Honfleur;32.2;3.5;27.4;7.7;12.1;1;19.7;2.7
14342;Isigny-sur-Mer;27;3.1;28.4;12.8;17;0;23.5;4.3
14366;Lisieux;30.6;2.8;22.4;3.6;12.3;2.6;18.1;3.1
14371;Livarot-Pays-d'Auge;28.1;1.9;0;4.7;12.6;0;18.1;3.2
14431;Mézidon Vallée d'Auge;23.6;2.8;17.2;6;12;3.4;16.1;3.4
14478;Orbec;28.4;2.1;0;6.7;10;3.3;18.6;3.3
14488;Ouistreham;35.9;3.5;49.5;9.9;13;3.5;22.7;3.1
14514;Pont-l'Évêque;31.5;3.3;21;9.8;16.1;1.3;N/A - secret statistique;2.1
14654;Saint-Pierre-en-Auge;24.8;3;50.2;4;11;2;19.3;2
14689;Thury-Harcourt-le-Hom;30.2;2.8;21.4;7.8;10;1.4;15.8;2.9
14712;Troarn;31.3;5.2;67.7;6.8;8.1;0;18.6;2.7
14715;Trouville-sur-Mer;35.8;4.3;23.8;12.8;17.6;1.7;24.8;4.8
14752;Villers-Bocage;33.3;3.5;43.9;8.8;15.4;2.2;16.1;2.7
14762;Vire Normandie;29.4;3.1;15.2;5.3;13.7;1.5;19.7;2.8
15014;Aurillac;24.3;4.2;12.7;9.6;18.3;1.6;22.1;4.1
15119;Massiac;28.4;2;0;6.3;18.8;0;21.4;6.3
15120;Mauriac;27;4.1;7.3;9.4;31.9;0;24.8;5.8
15122;Maurs;26.6;2.6;11;7.7;25.4;2.2;21.2;3.3
15138;Murat;25.8;3;12.8;10.2;42.2;2.5;21.6;5.1
15162;Riom-ès-Montagnes;27.2;2.5;12.3;8.6;16;0;24.1;6.2
15187;Saint-Flour;26.9;3.6;14;7.9;17.2;0.9;19.9;4.2
15258;Vic-sur-Cère;23.8;5.2;24.5;14.7;24.5;4.9;22;7.4
16015;Angoulême;20.3;3.3;21.8;5.7;11.5;1.5;18;3.3
16028;Barbezieux-Saint-Hilaire;24.7;2.6;14.7;5.9;11.8;1;19.8;2.9
16070;Chabanais;20.4;2.9;0;4.5;14.4;0;22.4;2.7
16073;Chalais;23.9;2.4;9;9;21.6;0;20.6;3.6
16078;Champniers;22.1;3.5;24.1;5.8;9.7;2;15.7;2.9
16085;Chasseneuil-sur-Bonnieure;22.8;2.7;27.8;8.3;23.1;3.6;19.4;3.7
16090;Châteauneuf-sur-Charente;21.3;2.1;0;6.7;17.2;3.8;17.6;2.9
16102;Cognac;32.2;3.7;24.9;5.9;10.9;1.3;17.5;3.8
16106;Confolens;16;3.5;9;6.3;16.3;1.8;21.6;4.5
16167;Jarnac;27;3.2;17.4;5.7;13.1;2.6;17.5;3.1
16206;Mansle-les-Fontaines;20.2;3.9;30.9;9.3;14.7;0;N/A - secret statistique;3.1
16281;La Rochefoucauld-en-Angoumois;25.6;3.2;4.5;8.6;15.8;1.8;19.7;3.2
16292;Ruffec;16.9;3.1;19.5;5.8;20.1;1.3;22;4.5
16366;Segonzac;25.6;2.6;20.1;8;12.1;4;17.1;4
17003;Aigrefeuille-d'Aunis;33.9;3.6;40.6;7.7;12.2;1.6;15.5;1.6
17024;Aulnay;32.2;2.3;0;5.5;12.9;0;22.2;3.7
17093;Le Château-d'Oléron;32.3;3.6;45.6;7.6;25.9;2.9;19.5;6.1
17131;Cozes;34.3;2.8;14.9;6.7;11.9;1.5;22;2.2
17140;Dolus-d'Oléron;35.1;4.5;0;15.7;25.1;0;21.7;3.1
17161;La Flotte;35.6;4.6;27.9;12.9;21.8;1.1;21;5
17168;Fouras;38.8;3.6;45.4;10.6;22.7;0;21.1;3
17172;Gémozac;33.4;3.7;12.6;10.1;12.6;0;20.4;2.5
17197;Jonzac;26.6;3.4;17.8;9.8;15.2;0;N/A - secret statistique;3.1
17218;Marans;34.4;3.1;16.6;11;12.7;1.1;18.5;3.3
17219;Marennes-Hiers-Brouage;31.8;3.7;8.5;8.5;17;1.6;20.7;3.4
17224;Matha;31.4;2.9;8.5;6;17;1.7;20.1;2.6
17236;Mirambeau;22.5;3.1;0;4.6;11.5;0;21.3;2.3
17240;Montendre;25.7;3.2;9.8;7.8;16.7;0;21.6;2
17241;Montguyon;29.6;2.9;26.1;7.8;12.2;3.5;21;3.5
17283;Pons;33.2;3.6;8.8;11.5;17.7;5.2;19.2;3.5
17299;Rochefort;33.6;3.9;32.4;9.6;17.6;2;18.5;3.1
17300;La Rochelle;34.8;5.6;48.3;13.5;13.8;3;19;3
17306;Royan;41.5;3.8;25.3;11.2;20.9;2.3;27.9;4.2
17347;Saint-Jean-d'Angély;34.7;3.1;4.6;6.5;15.3;1.8;20.6;3.7
17385;Saint-Pierre-d'Oléron;34.5;3.5;23.5;7.1;24.3;3;24.7;3.9
17397;Saint-Savinien;33.3;3.9;58.1;14.5;14.5;0;20.4;2.9
17415;Saintes;34.7;4.4;26.5;10.5;18;2.4;18.6;3.2
17421;Saujon;32.8;3.4;24.9;9;17.5;1.9;21.5;2.5
17434;Surgères;31.5;3.7;17.6;8.5;13.8;2.5;17.9;3
17452;La Tremblade;34.1;2.7;33.3;7.3;13.3;2.5;23.1;4
18015;Aubigny-sur-Nère;27.6;2.5;0;4.7;12.2;0;20.7;4.1
18033;Bourges;24.3;2.7;20.8;7.2;10.3;1.5;N/A - secret statistique;3
18057;Châteaumeillant;23;2;16;3.2;17.6;0;22.5;4.8
18087;Dun-sur-Auron;21;1.2;0;1.4;8.4;2.7;18.8;2.8
18108;La Guerche-sur-l'Aubois;21.5;2;12.2;2.4;14.7;2.4;N/A - secret statistique;2.4
18109;Henrichemont-Menetou-Salon;22.6;1.8;21.9;2.2;19.7;0;19.4;6.6
18127;Lignières;24.1;1.1;0;2.5;12.3;0;22.3;4.9
18141;Mehun-sur-Yèvre;24.7;2.3;6.7;6;11.4;3.9;18.5;3.3
18197;Saint-Amand-Montrond;22.3;1.9;3.2;3.8;10.5;0;N/A - secret statistique;3.8
18207;Saint-Florent-sur-Cher;26.4;2;8.1;4;16.1;0;19.1;2.4
18223;Saint-Martin-d'Auxigny;24.6;1.9;0;4;15.8;3.9;15.2;2
18242;Sancoins;19.7;2.2;0;4.7;14;4.6;24;3.5
18279;Vierzon;17.6;1.8;11.5;3.9;11.7;0.9;20.7;3.9
19010;Argentat-sur-Dordogne;28.2;4.6;29.8;11.9;34.8;0;N/A - secret statistique;6
19028;Bort-les-Orgues;23.8;3.2;0;6.4;28.9;0;22.8;5.6
19031;Brive-la-Gaillarde;27.2;3.3;27.8;6.8;25.2;1.9;17.6;3.6
19073;Égletons;20.9;7.5;10;9;17;2.1;17.7;2
19121;Lubersac;20.3;3.2;13.7;9.6;27.4;0;25;4.1
19138;Meyssac;26;3.6;15.2;7.6;22.9;5.9;19.9;4.6
19153;Objat;26;2.9;7.9;7.1;26.1;1.6;20.4;4
19255;Seilhac;28.4;2.9;26.4;9.3;25.1;0;20.2;4
19272;Tulle;25.7;2.8;23;5.5;21;1.1;N/A - secret statistique;3.7
19275;Ussel;18.9;2.3;14;4.9;24.4;0.7;20.2;4.2
19276;Uzerche;21.6;2.5;31.3;5.2;30.3;4.3;18.2;4.2
21023;Arnay-le-Duc;30.5;4.3;0;8.3;24.9;0;19.3;2.1
21038;Auxonne;25.6;2.4;4.5;3.6;9.9;4.5;16.9;2.7
21054;Beaune;30.6;4.4;27.4;11.2;14.2;2.2;17.5;3.4
21154;Châtillon-sur-Seine;26.4;2.5;11.3;4.5;12.4;1.1;21.2;4
21231;Dijon;30.6;4.6;31.5;10.7;8.1;2.5;15.4;3
21292;Genlis;30.4;3.3;14.7;7.8;10;2;15.7;2.2
21317;Is-sur-Tille;32.4;3.3;32.2;7.7;10.3;1.9;17.8;2.9
21416;Mirebeau-sur-Bèze;32.6;3;0;11.8;14.7;5.7;17.7;2.9
21425;Montbard;24.9;3.5;10.3;11.3;11.3;2;21.8;4.1
21464;Nuits-Saint-Georges;32.8;3.4;41.3;9.6;12.4;1.3;16.5;2.1
21501;Pouilly-en-Auxois;28.4;3.2;60.5;9.7;21.8;0;18;3.6
21584;Saulieu;26.2;2.5;20.6;5.1;20.6;0;N/A - secret statistique;3.1
21603;Semur-en-Auxois;24.2;3.3;8.2;7.4;15.7;0;18.6;3.3
21607;Seurre;28.7;2.8;0;8.5;10.6;2.1;19.8;3.2
21663;Venarey-les-Laumes;26.2;2.2;0;3.5;13.9;2.3;19;3.5
22004;Bégard;28.9;3.3;21.1;7.4;19;2.1;18.8;4.2
22020;Broons;32.7;3.5;42.2;9.1;9.1;0;18.1;2.8
22025;Callac;19.3;2.9;17.9;5.4;25.1;0;23.2;1.8
22050;Dinan;30.8;3.7;36.6;7.7;14.5;2;16.7;2.3
22054;Erquy;37;3.4;34.7;11.6;25.4;4.4;23.7;4.6
22055;Binic-Étables-sur-Mer;33.5;3.2;26.6;6.7;19.3;0;21.8;2.7
22070;Guingamp;26.4;2.9;18.8;5.1;16.3;2.1;18.5;2.7
22093;Lamballe-Armor;33.3;2.9;27.7;4.9;14.3;2.9;16.3;2.6
22113;Lannion;31.7;3.5;48;8.5;22.9;1.8;19.3;3.1
22121;Lanvollon;26.3;2.9;46.1;4.6;15;0;16.3;2.3
22136;Loudéac;33;2.6;20.1;4.5;18.3;0;19;3
22143;Matignon;36.3;2.9;34.6;6.9;20.8;2.2;22.6;4.6
22147;Merdrignac;34.2;3;28.4;7.1;11.3;0;20.8;2.8
22162;Paimpol;29.8;3.5;21.8;7.8;23.5;3.3;20.9;4.8
22172;Plancoët;32.7;3;23.3;7;11.7;3;18.5;3.9
22186;Pléneuf-Val-André;38.2;3.1;61.8;9.3;24.7;0;21.2;4.6
22194;Plestin-les-Grèves;37.6;3;43.6;10.9;43.6;0;23;4.4
22203;Plœuc-L'Hermitage;29.5;1.4;17.5;0;10.5;3.4;17.4;1.8
22206;Châtelaudren-Plouagat;25.9;2.8;41.5;6.6;21.6;1.7;14.5;2.5
22222;Plouha;33.5;3;20.3;12.2;28.4;7.6;23.7;2
22262;Quintin;28.4;2.2;12.4;6.2;10.5;4.9;15.3;2.5
22266;Rostrenen;23.8;3.1;37.9;7;24.9;0;21.2;3.2
22278;Saint-Brieuc;29.4;3.5;31.6;7.3;12.3;2.4;18.9;3.2
22362;Tréguier;29.8;3.5;33.6;11.8;25.2;1.6;20.9;3.8
23008;Aubusson;21.5;3.6;15.1;8.5;28.7;2;21.9;5.5
23013;Auzances;31.9;2.5;34.5;5.2;32.8;0;24.9;5.2
23025;Bonnat;16.8;2.8;0;3;27;0;24.2;6
23030;Bourganeuf;14.9;2.9;11.9;5.9;29.7;2.3;22.4;4.7
23031;Boussac;25.4;2.4;0;8.3;38.1;0;25.1;3.3
23075;Dun-le-Palestel;17.9;2.5;0;3.4;27.5;0;25.6;5.2
23076;Évaux-les-Bains;26.2;2.9;0;9.6;36.3;0;22.4;3.8
23096;Guéret;16.2;2.9;11.4;6.4;27.3;1.3;21.4;4.8
23176;La Souterraine;19.7;2.9;17.6;7.1;29.1;0.9;25;5.3
24037;Bergerac;34.2;3;22.1;5.6;21.6;1.6;20.6;3.4
24064;Brantôme en Périgord;26.7;3.1;24.8;6.2;24.8;2.4;20.4;2.5
24067;Le Bugue;30.7;3.2;11.7;8.8;22.8;3.4;21.1;4.1
24164;Excideuil;23.4;3.1;31.8;7.1;27;1.5;N/A - secret statistique;4
24167;Eymet;30.3;2.1;0;4.8;15.9;3.1;20.3;3.2
24223;Lalinde;31.2;2.5;19.2;4.5;20.5;1.3;N/A - secret statistique;3.2
24291;Montignac-Lascaux;28.3;3.1;0;8.4;23.7;5.9;21.6;2.3
24294;Montpon-Ménestérol;32.2;2.9;11.5;6.3;18.5;0;23.3;2.9
24299;Mussidan;29.2;3.1;19.4;5.8;19.4;1.9;21.8;1.9
24309;Neuvic;26.9;2.3;22.7;4.5;15.9;4.5;19.5;2.3
24311;Nontron;25.1;2.9;26.7;6.9;16.5;1;23;3.2
24322;Périgueux;30.8;3.5;22.4;8.9;18;2.1;20.6;3.5
24352;Ribérac;18.9;2.4;28.5;4;21.1;1.1;21.8;2.3
24372;Saint-Astier;30.1;2.3;9.3;5.6;20.4;1.8;19.6;1.9
24396;Saint-Cyprien;28;3.8;0;10;32.4;4.8;20.4;2.5
24520;Sarlat-la-Canéda;23.3;3.5;17.2;7.9;23.7;0;21;3.8
24547;Terrasson-Lavilledieu;26.3;3.1;6.3;5.7;23.3;2.5;20.8;3.8
24551;Thiviers;23.7;3.9;21;8.4;25.2;1.4;22.4;4.2
24571;Vergt;28.7;2.9;21.2;8.5;21.2;0;18;6.4
25047;Baume-les-Dames;26.8;5.2;29.4;14;12.5;2.9;18.2;2.9
25056;Besançon;26.6;4.9;40.1;11.6;12.8;2.5;15.6;3.1
25315;L'Isle-sur-le-Doubs;28;3.7;30.4;14.2;18.2;4.1;19;3
25356;Maîche;26.9;2.7;11.8;5.9;8.2;3.5;14.8;2.4
25388;Montbéliard;31;3.7;13;6.9;12.5;1.8;N/A - secret statistique;3.7
25411;Morteau;30.4;3.5;19;6.6;6.3;3.2;N/A - secret statistique;2.8
25434;Ornans;33.3;4.1;33.3;11.3;17.3;1.3;N/A - secret statistique;3.3
25462;Pontarlier;34.8;3.3;23.9;7.2;6.4;2.6;13.5;2.9
25463;Pont-de-Roide-Vermondans;32.8;2.8;6.7;3.3;10.7;0;18.3;2.7
25495;Roche-lez-Beaupré;28.4;4.6;31.3;9.4;16.7;4.2;17.4;3.1
25512;Le Russey;27.6;2.2;33.2;3.3;11.6;3.4;11;3.3
25527;Saint-Vit;29.5;5;19.2;11.5;12.5;0.9;16.3;2.4
25532;Saône;30.4;3.8;38.8;15.5;14.5;3.8;15;2.9
25578;Valdahon;28.8;4.1;3.7;10.1;10.4;3;14.3;3.4
26037;Beaumont-lès-Valence;34;3.4;68.6;9.2;19.8;3;15.8;2.3
26063;Buis-les-Baronnies;21.6;2.8;43.2;12.9;19.4;4.3;19.2;2.2
26064;Chabeuil;35.3;3.3;48.4;10.4;19.4;5.5;N/A - secret statistique;2.1
26108;Crest;28.4;3.3;66.6;8.1;25.2;8.3;17.8;2.4
26113;Die;25;3.7;17.8;8;27.5;6.9;19.4;3.6
26114;Dieulefit;23.8;3.8;13.5;10.8;21.6;13;18.2;4
26116;Donzère;28.7;2.8;30;6;19.5;0;15.2;3
26165;Livron-sur-Drôme;31.8;3.1;37.4;4.8;17.3;2.7;17.1;3.1
26176;Marsanne;30.7;2.7;66.3;13.3;21.5;3.3;17.6;0
26198;Montélimar;31.1;3.4;32.5;7.6;21.2;3;17.6;2.8
26220;Nyons;20.5;3.5;51.3;9.5;29.3;4.2;22.8;4.4
26235;Pierrelatte;29;3.2;19.9;4;19.3;2.6;17.9;2.7
26281;Romans-sur-Isère;25.7;3.9;45.2;7.8;25.4;3.3;18.4;2.6
26301;Saint-Donat-sur-l'Herbasse;26.1;2.8;40.2;7.2;18.5;3.2;17;2.4
26307;Saint-Jean-en-Royans;20;3.6;53.1;12.9;22;4.5;17.2;3.8
26324;Saint-Paul-Trois-Châteaux;28.4;3.1;74.8;8.2;18;2.9;17.4;2.2
26325;Saint-Rambert-d'Albon;25.1;2.7;27.7;5.1;16.6;0;17.9;2.8
26333;Saint-Vallier;24.2;2.3;18.2;3.2;10;1.8;17.8;1.8
26362;Valence;33.4;3.9;37.5;9;17.9;3.2;18.7;3.4
27016;Les Andelys;27.7;2.3;11.9;3.6;7.8;0;19.6;2.4
27051;Beaumont-le-Roger;27;2.9;21.2;6.4;10.6;0;26.9;2.1
27056;Bernay;27.8;2.5;18;5.7;12.3;2.3;N/A - secret statistique;3
27065;Beuzeville;26.4;3.3;16.8;5.1;12.6;1.7;17.2;1.7
27103;Bourg-Achard;21.7;3.1;18.2;7.7;10;1.8;16.7;1.8
27105;Grand Bourgtheroulde;24.5;2.6;0;5.2;13.7;6.8;16.1;1.7
27112;Breteuil;23.2;2.1;0;2.5;17.3;0;18.9;1.2
27116;Brionne;23.1;2.7;0;4.9;8.7;0;18.4;1.9
27165;Conches-en-Ouche;22.6;1.5;21.4;4.3;10;2.8;19.3;2.1
27170;Cormeilles;31.3;2.6;26.8;5.4;10.7;10.4;18.9;2.7
27198;Mesnils-sur-Iton;23.4;1.3;22.2;1.1;5.6;2.2;15.9;1.1
27226;Étrépagny;27.8;2.2;17.6;6.1;11.4;1.7;18;0.9
27229;Évreux;22.5;2.4;9.4;4.5;7.3;0.9;18.8;2.2
27246;Fleury-sur-Andelle;24.6;3.6;38.5;11.6;17.3;3.8;20.8;3.2
27275;Gaillon;30.5;2.4;21.7;5.1;5.4;0.7;18.3;2.2
27284;Gisors;25.6;1.7;3.2;1.9;11;1.3;17.7;1.6
27306;Guichainville;26.8;2.9;52.4;15.7;7;7;24.9;3.5
27375;Louviers;28.8;3.1;18.5;7.1;10.3;1.7;18.2;3
27428;Le Neubourg;26.3;2.5;33;6.6;9.3;3.3;17.2;1.1
27448;Pacy-sur-Eure;24;1.5;29.8;1.8;7.2;1.2;16.7;1.8
27467;Pont-Audemer;18;3;20.3;6.3;10.6;2;19;2.8
27469;Pont-de-l'Arche;27.8;4;17.7;11.5;11.9;1.7;17.5;2.7
27507;Saint-André-de-l'Eure;23.4;2.4;22.4;2.2;10.1;0;16.9;1.1
27679;Verneuil d'Avre et d'Iton;29.9;2.9;29.1;7.6;11;1.1;20.1;4.1
27681;Vernon;31.7;2.3;23.8;4.4;6.1;1.5;N/A - secret statistique;2.6
28007;Anet;27.3;2;20.9;3.7;7.7;0.5;16.5;2.1
28015;Auneau-Bleury-Saint-Symphorien;31.7;2.2;11.9;3.6;11.3;2.4;15;3
28051;Bonneval;25.1;1.7;9.5;2.8;11.3;0;18.5;1.9
28061;Brou;21.2;2;11.8;4.7;13;0;21.8;3.5
28085;Chartres;36.8;2.8;27.9;6.1;8.3;1.7;17.5;2.7
28088;Châteaudun;18.6;2.8;9;6.3;10.8;0.9;19.2;3.1
28089;Châteauneuf-en-Thymerais;31.1;2.2;16.8;5.9;8.4;1.7;15.7;1.7
28103;Cloyes-les-Trois-Rivières;20.2;2.5;0;4.5;9.1;0;19.8;1.5
28116;Courville-sur-Eure;31.4;1.9;15.6;3.1;6.2;1.5;N/A - secret statistique;1.6
28134;Dreux;29.7;2.1;9.2;3.3;8.5;0.9;17.2;2.2
28140;Épernon;32.9;2.7;13.5;6.7;2.7;0;14.7;2.2
28196;Illiers-Combray;30.5;1.7;0;2.7;7.3;0;N/A - secret statistique;1.8
28199;Janville-en-Beauce;33.1;2.2;26.1;6.1;5.2;1.7;N/A - secret statistique;3.5
28214;La Loupe;15.7;2.8;0;4.1;10.2;6.1;18.4;1
28227;Maintenon;32.6;2.5;0;5.2;5.2;1.3;15.9;2.6
28279;Nogent-le-Roi;30.8;2.2;14.6;6.6;8.7;4.3;N/A - secret statistique;1.5
28280;Nogent-le-Rotrou;19.6;2.5;13.4;6;13.4;0;19.3;3.7
28373;Senonches;22.4;2.8;0;7.8;12.5;3.1;20.7;3.1
28422;Les Villages Vovéens;31.6;2.7;20.1;4;9.1;2;17.4;2
29004;Bannalec;20.9;3.2;14.9;7.4;11.9;3;16.9;1.5
29019;Brest;27.3;5;34.8;12.1;14.8;3;16.2;2.7
29020;Briec;28.8;3.4;25.8;7.7;17.2;1.7;15.9;2.6
29024;Carhaix-Plouguer;21.5;3.2;17.1;8.1;30.7;1.7;21.3;2.6
29026;Châteaulin;29.2;3.6;15.3;10.2;23.4;4.1;19.6;3.1
29027;Châteauneuf-du-Faou;26.6;3.1;23;10.7;30.6;0;22.2;3.1
29039;Concarneau;27.7;4.3;26.6;10.9;26.8;2.5;22.8;4
29042;Crozon;30.2;4.6;43.3;11.1;27.2;2.5;20.4;3.7
29046;Douarnenez;28.2;3.9;57.2;8.6;42.1;4.7;19.5;4.1
29053;Le Faou;31.4;3.9;70.7;12.4;22.1;0;15.5;2.7
29058;Fouesnant;32.9;3.8;38.8;12;22.5;1.5;20.9;3.1
29069;Guilers;34.4;4.8;52.7;7.5;15.1;3;15.1;3
29103;Landerneau;31.8;4.5;30.2;10.3;16.4;3;15.4;2.5
29105;Landivisiau;32.8;3.6;23.9;8.2;18.7;3.4;15.8;2
29113;Lanmeur;37.1;3.4;50.6;8.4;32;3.3;19.3;3.4
29124;Lesneven;36.8;3.7;37.9;9.9;26.2;1.1;18.4;2.9
29147;Mellac;20.9;4;40.1;10;14.1;7.9;16.1;2
29150;Moëlan-sur-Mer;28.1;3.9;43.6;14;34;1.7;21.4;3.5
29151;Morlaix;34.7;3.7;27.4;7.1;25.2;1.4;19.7;3.3
29160;Plabennec;34.8;4.1;23.9;7.2;18.3;1.6;14;3.2
29162;Pleyben;26.8;3.5;28.8;5.8;30.3;0;18.8;1.4
29174;Plonéour-Lanvern;27.2;3.6;61;7.3;18.3;2.4;16.8;1.2
29178;Ploudalmézeau;33.6;3.8;27.8;10.6;22.2;1.1;17.7;3.3
29195;Plouguerneau;34.2;3.1;43.4;8.1;19.2;2.4;18.3;3.1
29197;Plouhinec;28.1;4.8;29.7;10.7;38.6;2.3;22.1;4.7
29199;Plouigneau;34;3.4;22;8.8;29.8;0;20.9;2.2
29218;Pont-Croix;25.9;5.6;22.1;19.9;26.5;0;22.2;2.2
29220;Pont-l'Abbé;30;4.4;31.6;11.1;29.5;2.5;19.1;3.4
29232;Quimper;27.4;4.5;37;11.4;16.5;1.8;17.2;3.4
29233;Quimperlé;20;4.4;39.3;13.3;20.6;7.7;16.9;3.9
29241;Rosporden;23.9;3.8;32.6;9.8;20.5;2.7;18;2.8
29259;Saint-Pol-de-Léon;33.6;3.8;36.8;8.8;28.4;2.8;20.6;2.9
29260;Saint-Renan;33.5;4.5;49.3;11.5;20.3;3.3;16.5;3.3
29274;Scaër;20.9;2.6;27.6;5.5;22.1;0;21.5;2.8
2A004;Ajaccio;28.5;3.5;32.3;8.8;32.8;1.7;17.6;3.3
2A041;Bonifacio;28.7;3.5;31.5;6.3;31.5;0;19.6;3.1
2A130;Grosseto-Prugna;31.8;3.8;36.9;11.1;50.8;0;19.9;5.5
2A247;Porto-Vecchio;32.1;5.6;33.9;13.1;32.5;3.8;22.3;2.4
2A249;Propriano;27.1;3.6;10.6;9.5;28.6;2.1;N/A - secret statistique;5.3
2A272;Sartène;26.2;4;33.1;9.9;31.5;0;17.3;5
2B033;Bastia;26.4;3.5;39.4;9.1;38.9;2.2;N/A - secret statistique;4.4
2B042;Borgo;32.9;4.4;24.9;7.5;44.4;2.8;19.7;2.8
2B050;Calvi;24.3;3.9;36.2;9.9;28;0;19.7;4.5
2B096;Corte;22.3;3;20.9;8.4;29.2;0;15.1;2.8
2B123;Ghisonaccia;26.4;3;29.8;6;36.7;0;19.7;4
2B134;L'Île-Rousse;28.9;3.4;47.8;7.2;34.2;3.1;20.5;3.2
2B207;Penta-di-Casinca;26.9;3.7;17.7;10;55.4;1.2;20.3;2.9
2B251;Prunelli-di-Fiumorbo;26.6;5.2;10.4;11.5;35.5;4.1;17.9;3.1
2B298;Saint-Florent;27.2;5.7;19.1;15.3;42.1;3.8;N/A - secret statistique;3.8
30003;Aigues-Mortes;42.9;3.8;42.8;11.7;49;2.9;27;4.3
30006;Aimargues;30.4;5.1;47.8;9.6;20.3;4.7;17.5;2.4
30007;Alès;33.5;3.3;34.4;5.1;27.4;2.9;19.3;3.4
30010;Anduze;35.2;3.2;46.7;5.8;22.2;0;20.2;2.3
30028;Bagnols-sur-Cèze;24.7;2.7;17.6;6.5;20;1.9;18.6;2.9
30029;Barjac;28.9;2.3;16.4;4.9;36.1;3.2;22;3.3
30032;Beaucaire;21.2;3.1;26.3;5.4;21.4;1.1;17.5;3
30034;Bellegarde;23.7;3.6;12.6;10.1;17.7;2.4;16.4;2.5
30037;Bessèges;29.5;4.2;18.6;3.7;27.9;0;25.9;3.7
30047;Bouillargues;24.3;4.3;44;10.6;22;3.4;16.7;3.5
30061;La Calmette;28.5;3.6;29.1;13.1;39.3;8.5;17.2;2.9
30062;Calvisson;33.2;3.9;95.3;10.2;21.8;8;15.8;1.4
30132;La Grand-Combe;28.7;2.7;18.3;3.7;35.9;2.4;20.2;3.7
30155;Manduel;21.5;3.6;26.5;5.3;33.6;0;16.6;2.7
30189;Nîmes;23.9;4;46.2;10;23;3.2;17.9;3.5
30202;Pont-Saint-Esprit;23.8;2.5;20.1;4;24.1;2.9;18.4;3
30210;Quissac;30.4;4.8;103.4;14.9;23;2.3;19.3;3.4
30212;Remoulins;23.2;4;37.6;11.3;19.6;3;15.7;2.3
30217;Rochefort-du-Gard;24.2;2.9;29.1;6.5;18.2;2.8;15.1;2.2
30221;Roquemaure;23.5;2.5;33.3;6.7;21.3;1.3;15.8;2.7
30227;Saint-Ambroix;32.1;3.6;17.6;3.5;31.7;1.1;21.9;2.9
30255;Saint-Geniès-de-Malgoirès;27.6;3.1;20.7;6.2;20.2;2;15.4;1.6
30258;Saint-Gilles;22.2;2.4;20.8;4.9;34.7;1.4;17.9;3.5
30263;Saint-Hippolyte-du-Fort;32;2.9;49.4;8.6;34.6;7.1;19.1;3.7
30269;Saint-Jean-du-Gard;29.7;3.6;35.8;12.5;35.8;3.6;N/A - secret statistique;7.2
30321;Sommières;33.7;3.1;48.1;6.4;20.4;4.7;16.2;2.4
30334;Uzès;36.7;3.9;42.6;7.7;23.2;3;20.2;2.7
30341;Vauvert;27.3;3.4;45.5;6.3;19.9;3.3;18;2.8
30344;Vergèze;32.1;5;35.6;8.3;19.6;3.5;16.1;2.4
30350;Le Vigan;33.1;3.4;59.2;6.8;38;5;N/A - secret statistique;4.2
31033;Auterive;27.8;3.8;44.7;8.1;12.5;3.5;15.7;2.2
31042;Bagnères-de-Luchon;23.7;5.8;39.4;15.7;35.4;0;22.8;7.9
31066;Bessières;29.7;2.9;40.2;5.6;20.9;1.6;14.6;2.4
31080;Boulogne-sur-Gesse;21.3;3.1;0;8.9;32;0;21.9;1.8
31106;Caraman;31.3;2.4;64.8;5.2;15.5;0;14.3;2.6
31107;Carbonne;30.1;4.2;63.6;10.4;20.4;6.2;19.4;2.7
31135;Cazères;28.6;3.2;32.6;6.5;32.6;2.6;19;3.3
31202;Fronton;30;3.2;55.5;12.2;16.7;8.6;14.4;2.2
31232;Grenade;30.6;3.5;41.5;7.5;17.4;4.1;13.7;2.1
31239;L'Isle-en-Dodon;25.1;3.1;46.6;7;14;0;22.1;2.3
31324;Martres-Tolosane;31.2;4.6;17.5;8.7;29.7;3.4;N/A - secret statistique;3.5
31358;Montastruc-la-Conseillère;30.1;5.1;86.3;15.3;19.2;11.3;14.4;1.9
31390;Montréjeau;21.2;2.7;18.6;6;31.6;0;21.1;3.2
31396;Nailloux;29.2;4.8;66.2;14.9;8.3;0;13.2;1.7
31399;Noé;31.7;5.3;28.7;8.6;15.8;0;16.3;2.9
31421;Pins-Justaret;32;4.4;48.3;12.1;13.3;1.2;16.3;3
31451;Revel;24.5;3.7;34.3;9.4;23.2;2.5;N/A - secret statistique;2.6
31454;Rieumes;27.9;2.9;26.5;8.6;25.8;2.6;16.7;2
31483;Saint-Gaudens;27;3.1;32.3;6.2;25.6;2.1;20;3.5
31499;Saint-Lys;25.4;3;54.6;9.6;21.9;1.3;15.9;2
31523;Salies-du-Salat;28;3;21.3;7.4;36.2;2.1;21.8;4.3
31555;Toulouse;24.7;4.6;55.3;10.2;14.4;3.4;13.3;2.8
31573;Verfeil;29.1;3.3;25.6;11.5;19.2;0;12.8;1.3
31574;Vernet;30.6;4.6;85.5;16;15;0;15.3;3.2
31582;Villefranche-de-Lauragais;31.8;4.8;80.3;11.6;19.6;3.8;15.3;2.2
31584;Villemur-sur-Tarn;28;2.7;34.8;8.3;22.2;0;17.2;2.8
32013;Auch;37;3.4;34.8;7;22.2;1.6;N/A - secret statistique;3.2
32096;Cazaubon;29.6;2.2;12.3;12.3;21;2.4;N/A - secret statistique;4.9
32107;Condom;32.5;3.5;14.7;8.1;20.5;2.8;21.3;2.2
32119;Eauze;31.7;3.8;8.9;10.7;26.8;1.8;22.4;6.2
32132;Fleurance;35.5;3.9;20.6;3.4;23.3;2.7;19.9;4.1
32147;Gimont;31.8;3.5;27;9;18;3.6;17.4;3.6
32160;L'Isle-Jourdain;26.4;2.7;53.3;7.8;16.4;4.9;N/A - secret statistique;2.1
32208;Lectoure;33.4;4.5;17.8;10.7;14.2;3.4;18.2;3.6
32233;Marciac;27.6;2.6;38.3;7.7;23;7.5;N/A - secret statistique;3.8
32242;Masseube;27.4;4.1;35.1;14;25.8;4.7;21;3.5
32249;Mauvezin;31.1;3.1;15.1;7.5;22.6;0;18.6;3
32256;Mirande;31.1;3.3;21.9;7.6;25.1;2.1;N/A - secret statistique;3.3
32296;Nogaro;26.4;3.4;0;7.1;15.9;3.4;20.3;1.8
32319;Plaisance;29.1;2.7;14.2;8.5;29.7;0;23.7;4.2
32344;Riscle;29.5;2.5;0;6.7;22.4;0;23.2;2.2
32410;Samatan;27.2;5.1;32.9;13.2;21.9;2.2;18.3;3.3
32462;Vic-Fezensac;34.3;3;17.4;7.8;16.6;1.7;19.9;4.4
33005;Andernos-les-Bains;35.9;4.8;50.2;12.5;22.1;4.7;24.9;2.5
33011;Arès;31;5.3;92.6;9.3;58.7;0;24.5;3.1
33036;Bazas;36.9;4;26.4;9.3;25.6;1.7;22;3.5
33042;Belin-Béliet;26.4;3.7;47.6;7.7;17.3;1.2;15.8;2.4
33051;Biganos;28.6;4.3;39.2;8.6;23.5;3;16.8;2.1
33058;Blaye;22.7;3.1;21.4;6.1;20.8;1.8;20.6;3.4
33063;Bordeaux;31.3;5.6;51.2;12.1;16.8;2.8;15.7;3.1
33081;Cadillac-sur-Garonne;36.3;4.6;42.4;8.5;17;1.4;18.6;3.5
33104;Castelnau-de-Médoc;32.4;4.6;54.1;6;21.7;3.6;15.8;3
33108;Castillon-la-Bataille;30.1;3.2;15;6;23.9;1;20.2;3
33114;Cavignac;24.5;3.4;20.7;6.2;17.8;2.4;17.7;2.9
33138;Coutras;33.5;2.9;18.6;4.3;25.4;1.8;21.1;2.8
33140;Créon;39.8;3.3;42;10.3;27.1;1.8;17.8;2.8
33203;Hourtin;33.2;3.9;49.7;9.9;22.3;4.9;23.6;2.5
33213;La Brède;35.2;2.7;30.8;8;16.7;4.9;14.4;2.5
33214;Lacanau;31.1;5.8;64.1;14.1;23.1;5.1;23.2;3.8
33226;Langoiran;34.9;3.9;28.1;16.9;16.9;0;16.8;2.8
33227;Langon;38.7;4.9;36.1;12;18;4.2;19.6;2.6
33236;Lège-Cap-Ferret;28;4.9;7.9;11.8;25.3;4.7;22.1;3.9
33240;Lesparre-Médoc;23.2;3.9;28.7;9.6;21.5;0.9;24.7;3.8
33243;Libourne;33.2;4.3;30.6;10.6;20.4;3;17.7;3
33314;Pauillac;27.1;3.9;9;9;15.8;1.8;19.9;2.3
33327;Podensac;35.6;3.8;40;8;25.5;3;15.7;2.5
33352;La Réole;32.2;3.4;6.7;6.7;24.9;0;20.8;2.7
33366;Saint-André-de-Cubzac;26.5;3.7;48.8;8.4;18.2;4.4;16.6;2.4
33402;Sainte-Foy-la-Grande;25;3.2;23.6;6.4;22.2;1.9;20;3
33478;Saint-Seurin-sur-l'Isle;34.1;2.8;0;5.5;12.8;0;23.8;1.8
33498;Salles;26.4;3;32.4;5.4;16.2;2.1;16.8;1.1
33506;Sauveterre-de-Guyenne;30.8;3.5;14.2;14.2;27;5.6;N/A - secret statistique;5.7
33514;Soulac-sur-Mer;24.3;4;23.5;8.2;21.1;2.3;28.9;2.3
33529;La Teste-de-Buch;34.4;4.9;32.9;12.7;28.9;3.2;21.9;3.7
34003;Agde;37.2;3.6;43.9;7.4;26;3.2;24.9;3.7
34022;Baillargues;33.7;5.4;70.4;5.6;15.5;8.3;15.3;2.8
34028;Bédarieux;28.1;3.4;40.9;6.4;31;2.3;N/A - secret statistique;4.1
34031;Bessan;33;4.1;9.5;6.2;28.5;2.8;19.5;2.8
34032;Béziers;31.5;3.8;44.3;8;27.3;2.2;19.8;3.6
34052;Capestang;28.9;3.1;0;4.8;57.3;9.2;19.1;2.4
34058;Castries;34.7;3.8;94;10.3;18.8;6.4;14.1;2.8
34079;Clermont-l'Hérault;31.9;3.8;55.6;9.9;22.2;3.1;16.6;2.4
34111;Ganges;35.9;4.3;56.2;11.8;26.1;2;18.9;3.1
34114;Gignac;32.9;4.7;86.6;10.7;20.7;6.5;14.9;2.7
34126;Lamalou-les-Bains;26.4;4.1;14.4;17.2;53.2;0;N/A - secret statistique;5.7
34142;Lodève;34.7;2.7;51.8;4.5;28.5;2.5;19.4;2.6
34145;Lunel;37.2;4.7;63.2;10.7;20.2;2.8;17.8;2.5
34147;Magalas;32;3.1;10.3;10.3;24.8;8;19;2.1
34150;Marseillan;37;3.5;24.9;11.2;31.1;0;25.9;3.7
34154;Mauguio;39.4;4.8;103.6;14.6;28;3.5;20.7;3.7
34157;Mèze;29.4;3.1;58.4;6.4;19.6;2;18.7;2.7
34162;Montagnac;34.2;3.9;0;10.1;18.1;3.9;19.7;4
34172;Montpellier;27.1;5.1;71.9;11.7;15.1;3;14.1;2.9
34189;Olonzac;28.4;2.6;26.1;5.2;20.9;2.6;19.9;5.2
34192;Palavas-les-Flots;44.6;4.5;83.2;11.7;31.6;0;28.9;5
34194;Paulhan;31.2;3.1;26.3;5.9;25;2.6;17.4;3.3
34199;Pézenas;35.3;3.9;33.4;10.8;23.4;2.1;20.6;3.7
34202;Pignan;32.6;4;70;9.2;29.3;3.4;15;1.8
34239;Saint-André-de-Sangonis;33.4;5.1;87.5;8.7;21.4;0;15.9;1
34245;Saint-Chinian;27.6;3.2;47.7;9.5;42.9;4.6;22.1;2.4
34276;Saint-Mathieu-de-Tréviers;31.9;3.8;88.5;8.1;17.7;5.8;14.3;2.2
34284;Saint-Pons-de-Thomières;25.3;3.8;17.5;10.5;33.3;3.4;N/A - secret statistique;3.5
34299;Sérignan;35.7;3.4;23.9;4.3;22.5;0.9;24.5;3.8
34300;Servian;32;3.9;11.4;6.8;18.2;0;17;3.4
34301;Sète;31.7;5.1;46.1;12.7;27.4;3.4;20.1;4
34332;Vias;36.3;3.3;16.8;6.7;25.2;0;25.3;3.4
35006;Argentré-du-Plessis;33.7;3.3;25.7;6.8;10.3;6.9;15;2.6
35012;Bain-de-Bretagne;23.9;2.9;33.4;6;14.4;3.4;14.7;2.3
35037;Bréal-sous-Montfort;33.7;3.4;44;7;11.5;0;13.1;1.8
35068;Châteaubourg;31.4;3.6;56.8;7.7;8.8;5.2;12.1;2.1
35069;Châteaugiron;35.1;3.4;65.7;8.2;7.7;2.2;13.4;2.2
35085;Combourg;27.4;3.6;26.5;10.6;14.6;3.9;16.2;3.3
35093;Dinard;38;4.4;55.7;9.1;22.6;2.7;20.9;4.1
35095;Dol-de-Bretagne;29.3;3.3;43.5;9.1;17.4;3.1;17.2;2.4
35115;Fougères;31.5;2.3;21.4;4.1;11.3;0.8;17.5;3.2
35125;La Guerche-de-Bretagne;33.9;2.8;11.4;4.5;9.1;1.1;16.5;2.3
35126;Guichen;29.9;2.8;59.4;7.8;10.4;0.7;13;2.6
35136;Janzé;31.9;3.4;40.5;7.1;10.8;2;13.5;2
35152;Liffré;22.4;3.9;38.5;11.5;10.9;7.6;13.1;1.9
35162;Louvigné-du-Désert;30.1;1.8;42;4.2;14.7;0;20.8;4.2
35168;Val d'Anast;28.6;3.3;36.5;7.3;13.4;2.5;15.2;2.4
35176;Guipry-Messac;24.7;2.6;25.2;5;11.3;2.5;16.2;2.5
35177;La Mézière;29.9;3.9;50.6;8.7;9.4;1.4;11.9;1.4
35184;Montauban-de-Bretagne;31.4;4.3;37.4;9;12;1.5;14;2.2
35188;Montfort-sur-Meu;30.4;3.4;54;7.4;10.2;4.5;13.2;2.3
35196;Mordelles;32.6;4;46.6;10;8.7;3.9;15.6;2.7
35207;Noyal-sur-Vilaine;28.6;4.6;26.1;7.2;8.5;2.6;12.9;2.6
35219;Pipriac;25.5;2.4;42.6;2.8;11.4;2.8;16.6;1.4
35223;Plélan-le-Grand;30.6;2.9;54.6;6.4;16.4;5.5;15.4;0.9
35236;Redon;32;2.8;35.7;5.8;10.1;2.5;18.6;3.6
35238;Rennes;26.7;4.9;49.9;10.6;9.9;3.9;13.2;2.5
35239;Retiers;31.4;2.5;44.8;6.7;11.9;1.5;16.6;3
35240;Le Rheu;29.1;4.2;47.7;10.7;7.8;1.2;13.8;2.4
35251;Saint-Aubin-d'Aubigné;22.2;2.9;33.8;5.5;8;3.4;13;1.7
35253;Saint-Aubin-du-Cormier;22.5;3.4;48.4;8.3;8.3;1.4;12.6;2.1
35257;Maen Roch;26.7;3.3;56.3;12.3;13.3;4.1;18.9;3.6
35288;Saint-Malo;31.1;5.2;51.5;12.9;20.1;2.3;19.8;3.8
35297;Saint-Méen-le-Grand;31.3;3.3;37.4;6.6;13.1;3.7;17.1;2.8
35337;Tinténiac;28.3;3.6;38.1;9.1;13.3;1;13.6;1.9
35352;Vern-sur-Seiche;33.5;4.6;56.5;11.3;9.4;7.4;15.8;2.8
35360;Vitré;33.5;3;33.7;7.4;9.7;2.1;14.7;2.5
36001;Aigurande;24.7;2;0;4.8;19.2;0;25;4.8
36006;Argenton-sur-Creuse;25.8;2.5;14.8;5.2;14.1;0.7;21.4;4.1
36018;Le Blanc;26.6;2.8;8.9;5.3;17.3;1.7;21.2;3.5
36031;Buzançais;27.5;2.3;17.9;4.8;16.1;1.2;20.8;3.6
36044;Châteauroux;29.5;3;14.1;6.3;14.2;2.9;20.4;3.3
36045;Châtillon-sur-Indre;29.9;3.7;16.6;14.9;19.9;3.2;24.2;6.6
36046;La Châtre;27.5;2.9;4.1;5.4;16.1;1.6;N/A - secret statistique;3.3
36088;Issoudun;28.6;2.2;19.3;2.7;12;0;20.5;3.9
36093;Levroux;30.7;2;15.6;4.7;10.9;0;19.9;3.1
36228;Valençay;29.8;2.3;12.3;7.4;14.7;0;24.5;6.1
37003;Amboise;15.8;3.8;56.3;8.6;9.8;2.9;17.9;3.4
37011;Avoine;29.8;4.9;48.6;8.5;12.2;4.8;18.7;2.4
37014;Azay-le-Rideau;28.7;3.9;29.8;8.9;9.9;2;16.1;3
37027;Bléré;20.4;4.3;51.5;11.3;10.8;2;17.5;2.6
37031;Bourgueil;30.6;4.1;19.1;10.5;15.3;3.8;19.1;3.8
37062;Château-la-Vallière;23.3;3.1;130.5;13.1;6.5;4.3;18.9;4.4
37063;Château-Renault;24.8;3.9;13.1;6.6;6.6;2.6;18.3;2
37072;Chinon;28.5;4.3;32.9;11.8;15.8;2.5;20.1;3.3
37104;Esvres;29;3.4;50.9;9.6;11.3;2.2;15.1;2.8
37115;Descartes;26.4;2.9;26;11.7;22.1;2.5;27.1;3.9
37119;L'Île-Bouchard;29.1;3.7;93;13;16.7;3.6;21.4;1.9
37123;Langeais;29.6;3.7;40.1;7.6;7.2;1.6;17;2.4
37130;Ligueil;27.4;3.4;37.5;10;16.2;2.5;19;2.5
37132;Loches;26.6;3.5;28.7;8.1;10.5;0;20.5;3.8
37159;Monts;31.5;3.3;50.6;9.4;7.2;1.4;15.9;2.9
37196;Richelieu;26.5;2.9;26.7;4;14.7;2.7;22.3;2.7
37226;Sainte-Maure-de-Touraine;29.4;3.3;19.8;4.6;9.9;0;19.1;3.3
37261;Tours;26.1;4.4;63.9;10;9.2;2.9;16.2;3.1
38001;Les Abrets en Dauphiné;34.9;3;39.9;5;15;2;17.5;2.5
38006;Allevard;25.3;3.4;34.7;11.6;11.6;4.6;16.1;3.5
38013;Apprieu;35.6;3.4;26.1;5.9;16.9;2.6;16.2;2.6
38022;Les Avenières Veyrins-Thuellin;33.5;2.2;8.9;1.8;15.9;1.8;18.7;2.7
38034;Beaurepaire;28.6;2.2;17;5.5;16.2;3.4;18.7;2.1
38052;Le Bourg-d'Oisans;29.4;5.8;62;14.5;14.5;2.1;13.7;7.2
38053;Bourgoin-Jallieu;36.4;4.3;35.2;8.6;13.7;5;15.6;2.3
38085;Charvieu-Chavagneux;28.1;2.8;30.5;6.3;12.2;2.2;15.4;2.6
38130;La Côte-Saint-André;33.8;2.8;33.7;7.9;18.3;3;18.3;3
38138;Crémieu;31.5;2.6;29.9;7.5;3.7;0;16.3;1.5
38140;Crolles;33.5;3.5;21.2;12.7;12.7;9.8;15.2;3.5
38185;Grenoble;24.9;4.6;42.2;9.9;14.7;3.1;15.2;3.3
38189;Heyrieux;34.9;2.6;50.9;6.8;13.2;0.7;15.7;2.7
38247;Montalieu-Vercieu;32.9;2.2;31.2;3.7;11.2;1.3;16.9;1.9
38261;Morestel;34.6;1.5;22.4;2.8;12.3;4.4;17.8;2.2
38269;La Mure;21.4;3.6;43.6;7.9;16.6;1.7;17.8;2.6
38314;Pontcharra;22.6;4.7;36.9;8.8;14.3;5.5;15;1.4
38315;Le Pont-de-Beauvoisin;27.6;2.7;27.9;8.4;12.8;1.6;16.9;2
38337;Rives;35;3.9;23.9;8.4;18.6;1.2;17.1;2.4
38344;Roussillon;30.6;3;27.5;6.3;16.7;2.1;17.3;3
38384;Saint-Étienne-de-Saint-Geoirs;35.5;3.2;10.1;9.1;14.2;2;17.4;2
38399;Saint-Jean-de-Bournay;34.8;2.6;7.6;9.9;19.1;4.5;17.4;2.3
38412;Saint-Laurent-du-Pont;26.6;3.8;49.8;8.7;18.7;3.7;17;3.1
38416;Saint-Marcellin;24.7;2.8;25.3;6.7;16;3.3;19.3;3
38509;La Tour-du-Pin;35.4;3.3;23.8;6.6;15.1;2.1;16.4;2.4
38511;Le Touvet;29.5;4.4;44.4;11.3;17.8;2.9;14.3;3
38517;Tullins;31;2.9;40.7;7.3;22;4.7;16.1;2.4
38544;Vienne;33.9;3.2;36.9;8.6;18.1;2.9;16;2.5
38545;Vif;25.7;2;31;9.8;15;2.1;14.9;2.6
38548;Villard-de-Lans;24.6;5.7;45.3;15.4;19.9;7.2;14.7;3.6
38553;Villefontaine;33.5;4.3;24.6;7.8;9.8;4.4;14.7;2
38557;Villette-d'Anthon;33.5;1.9;58.5;10.2;11.7;5.7;15.8;1.5
38559;Vinay;28.3;2.2;59.5;3.4;21.2;1.7;N/A - secret statistique;1.7
38562;Vizille;26;2.6;27.2;7.3;15.4;2.7;17.8;2.7
38563;Voiron;36.5;4;62.4;10.9;17.9;3.7;17.9;3.2
38565;Voreppe;31.5;4.2;56.9;9.8;16.3;4.8;16.4;2.4
39013;Arbois;29.9;4.2;70.2;5.3;15.8;3.4;17.3;5.3
39056;Bletterans;31.2;4.1;38.4;17.3;16.3;0;17.7;2.9
39097;Champagnole;33.6;3.3;26.5;6.9;14.8;1;18.4;3.2
39128;Chaussin;24.3;2.5;10;4;16.1;2;19.6;3
39154;Clairvaux-les-Lacs;28.9;3.9;20.6;10.3;18.5;4.1;19;4.1
39198;Dole;27.5;4.6;23;9.4;14.7;3.6;18.2;3.1
39300;Lons-le-Saunier;31.8;3.8;16.4;5.3;10.3;1.6;20.9;3.7
39333;Moirans-en-Montagne;27.5;3.6;46.1;9.2;6.9;4.6;18.8;2.3
39368;Hauts de Bienne;26.2;2.7;36.5;6.1;7.3;2.5;15.4;3.6
39397;Orgelet;30;3.2;50.2;7.5;15.1;5;18.3;2.5
39434;Poligny;28.7;3.3;17.4;8.7;13.9;0;N/A - secret statistique;2.6
39470;Les Rousses;23.8;3.4;15.1;7.5;6;3;11.3;3
39475;Saint-Amour;29.4;2.1;15.2;5.1;14.7;2;19.3;3
39478;Saint-Claude;28.7;3.2;13.6;6.3;11.3;1.8;19.3;3.6
39487;Saint-Laurent-en-Grandvaux;28.8;2.8;0;8.8;7.3;2.9;14.9;2.9
39500;Salins-les-Bains;28.2;4.1;27.5;11;13.1;1.4;18.2;3.4
39526;Tavaux;23;3.9;24.3;9.7;13;0;19.9;2.4
40001;Aire-sur-l'Adour;29.4;3.8;15.1;11.1;17.6;2;N/A - secret statistique;3.5
40046;Biscarrosse;35.4;4.9;29.9;10;22.9;1.9;20.8;2.5
40065;Capbreton;32.3;5.8;59.5;21.2;37.7;3.7;22.8;4.6
40075;Castets;25.1;3.6;52;8.7;46.8;6.8;19.8;1.7
40088;Dax;25.5;4.5;32.8;11.1;21.4;2.2;20.8;3.1
40119;Hagetmau;30.7;3.4;13.1;6.6;14.4;3.9;21.7;2
40133;Labenne;31.4;6.2;56.4;5.6;16.9;2.7;16.5;2.8
40184;Mimizan;33.9;3.8;16.3;9.8;21.8;2.1;25;3.3
40192;Mont-de-Marsan;28.2;4.1;17;9.3;20.1;1.6;19.3;3.1
40194;Montfort-en-Chalosse;25.6;3.2;20.4;9.2;17.4;2;19.8;3.1
40197;Morcenx-la-Nouvelle;26.6;3.9;16.3;11.4;18;1.6;22.1;4.1
40217;Parentis-en-Born;31;4.3;34.1;9.8;17.6;2.9;19.5;2.9
40224;Peyrehorade;31.5;3.5;23.3;9.8;24.2;4.6;19.1;3.3
40233;Pouillon;28.1;3.5;22.4;11.2;13.5;8.7;20.2;2.2
40245;Roquefort;29.6;3.1;40.7;8.1;16.3;0;20;2.7
40282;Saint-Sever;29.2;3.1;10.2;5.1;9.2;4;18.4;2
40284;Saint-Vincent-de-Tyrosse;31.4;5.5;28.4;11.4;19.5;3.2;19.1;2.4
40296;Seignosse;34.1;5.6;32.7;13.1;17.4;4.3;18;3.3
40310;Soustons;30.4;4.7;35;12;21;2.9;23.2;3.5
40313;Tartas;25.5;3.5;29.9;7;16;0;20.4;3
41018;Blois;32.8;3.2;23.4;6.8;10.9;2.2;N/A - secret statistique;2.5
41059;Le Controis-en-Sologne;32.1;3;50.2;5;10.9;1.6;19.2;3.3
41106;Lamotte-Beuvron;37;3.2;23.4;7.8;14;1.5;19.5;2.3
41136;Mer;32.4;2.6;14.6;5.9;8.1;2.9;17;2.9
41143;Mondoubleau;31.1;0.8;0;4.5;9;0;20.7;2.2
41149;Montoire-sur-le-Loir;33;2.7;29.8;6;8.9;5.9;19.8;4
41151;Montrichard Val de Cher;24.8;3.3;36.5;10.3;11.6;0;21.1;4.3
41167;Veuzain-sur-Loire;26.2;3;0;9.8;11.4;3.2;19.5;3.3
41173;Beauce la Romaine;28.6;1.3;25.7;1.3;3.9;0;17.4;1.3
41194;Romorantin-Lanthenay;26.7;2.8;2.7;5.2;10.7;1.1;20.4;2.5
41198;Saint-Aignan;26.6;2.9;33.4;5.8;20.9;0;20.1;4.2
41232;Salbris;28.9;1.8;0;3.4;12.3;4.3;21.2;4.5
41242;Selles-sur-Cher;27.6;2.5;0;5;15;1.2;21.5;3.1
41269;Vendôme;34.4;2.3;23;6.9;10.5;2.4;N/A - secret statistique;3.6
42011;Balbigny;25.1;2.9;13.3;6.7;17.3;0;16.7;2.7
42019;Boën-sur-Lignon;23.2;2.9;7.2;6.5;32.4;1.4;N/A - secret statistique;1.4
42023;Bourg-Argental;22.8;2.6;0;10.7;10.7;3.1;18.6;3.1
42052;Charlieu;31.8;2.2;13.6;5.5;14.6;2.7;18.8;2.7
42059;Chazelles-sur-Lyon;26.6;3.4;19.8;10.9;10.9;5.9;16.2;3
42094;Feurs;24.3;3.3;17.4;7;25.5;1.1;20.1;2.9
42103;La Grand-Croix;21;3.7;35;7;21.9;1.7;17.2;2.6
42147;Montbrison;24.9;3.2;31.8;8.6;18.3;1.9;18.1;2.4
42149;Montrond-les-Bains;25.9;3.5;25.2;8.2;25.9;2.5;16.5;1.9
42165;Panissières;26;2.6;35.1;7;19.3;0;16.6;1.8
42168;Pélussin;28.9;2.5;63.3;9.5;14.8;2.1;16.8;2.1
42182;Renaison;34.7;2.4;24;7.7;17.3;6.7;19;2.4
42186;Rive-de-Gier;24.2;2.8;20.9;7;18.8;1.5;15.9;2.3
42187;Roanne;34.2;3.2;23.5;7.6;15.9;2.1;19.8;3.1
42204;Saint-Bonnet-le-Château;23.4;3.1;14.9;8.9;31.3;3;18.2;1.5
42218;Saint-Étienne;23;3.8;33;8.7;21.9;2.4;18.1;2.9
42222;Saint-Galmier;26;3.4;29.2;9.7;13.6;1.9;14.6;1.9
42230;Saint-Germain-Laval;28.7;2.5;14.5;5.8;21.7;2.9;20.3;1.4
42279;Saint-Just-Saint-Rambert;25;4.6;35.1;10.5;22.3;1.4;16.6;2.3
43040;Brioude;27.8;3;13.7;8.2;24.6;1.3;N/A - secret statistique;2.7
43051;Le Chambon-sur-Lignon;20.4;4.5;37.9;10.1;29;2.5;21.6;5
43080;Craponne-sur-Arzon;19.5;3.4;16;9.6;42.4;3.2;22.4;4.8
43087;Dunières;18.2;3.9;35.9;10.8;15.6;0;19.6;3.6
43112;Langeac;18.5;2.9;8.1;8.1;41.4;3.2;22.3;4.1
43137;Monistrol-sur-Loire;23.3;4;36;8.5;16.2;2.7;18.2;2.7
43157;Le Puy-en-Velay;18.9;3.8;28.1;10;21.3;1.6;21.5;3.7
43162;Retournac;20.4;2.9;0;10.9;23.9;0;21.3;2.2
43200;Saint-Julien-Chapteuil;19.7;2.8;0;8.6;25.8;0;18.1;2.2
43216;Saint-Paulien;17.3;3;31.8;7.9;27;0;N/A - secret statistique;3.2
43224;Sainte-Sigolène;22.7;3.2;35.8;9.5;23.9;0;19.8;2.4
43234;Saugues;17;0.1;0;0;23;11.9;21.6;2.9
43244;Tence;16.8;4.2;21.8;8.7;41.4;0;20;2.2
43268;Yssingeaux;19;3.3;31.2;6.2;28.1;5;17.9;1.9
44002;Aigrefeuille-sur-Maine;30;3;54.7;6.6;7.7;2.2;14.6;2.2
44003;Ancenis-Saint-Géréon;30.6;2.7;45.3;7.9;9.1;3.4;15.3;2.8
44015;Blain;33.4;3;45.3;6.8;11.3;3.4;15.1;2.3
44036;Châteaubriant;35.6;2.9;24.7;6.5;10.5;1.8;19.1;3.7
44043;Clisson;32.4;3.9;44.9;8.6;8.2;1.5;15;1.9
44051;Derval;32.9;2.3;24.9;6.2;5;0;16.9;2.5
44055;La Baule-Escoublac;37.7;4.2;42.3;10.6;17.1;2.6;24.2;4.2
44067;Guémené-Penfao;30.3;1.9;22;4.4;19;2.9;17.7;2.2
44072;Herbignac;24.7;3.1;43.3;5.9;12.2;1.5;18.8;2.8
44073;Héric;32.6;3.9;67.7;10.2;10.2;0;14.5;2.3
44081;Legé;29.9;2.8;34.5;9.1;8.6;1.7;15.5;3
44082;Ligné;32.1;2.5;69.1;3.1;3.1;3.1;12.8;1.5
44084;Le Loroux-Bottereau;29.9;3.7;55.3;11.9;7.7;4.2;15.5;2.1
44087;Machecoul-Saint-Même;26.3;2.8;60.9;4.4;7.8;3.3;17.5;2.2
44109;Nantes;29.2;4.8;53.2;10.6;7.1;3;14.1;2.5
44110;Nort-sur-Erdre;33.5;2.6;51.4;6.5;7;3.7;14.6;2.8
44113;Nozay;34.6;3.1;33.5;4.5;8.4;2.2;15.5;1.7
44120;Le Pellerin;28.6;3.3;43.5;5.2;8.7;7;14.6;1.7
44129;Pontchâteau;25.4;3.2;25.4;6.2;9.7;1.8;16.5;2.8
44131;Pornic;35.5;3.4;44.5;8.6;11.5;3;21.7;2.9
44154;Saint-Brevin-les-Pins;30.9;3.3;32.1;6.4;9.6;2.5;18.9;3.5
44158;Saint-Étienne-de-Montluc;32.2;2.8;44.3;7.9;7.9;2.9;13.1;2.5
44180;Vallons-de-l'Erdre;31.5;2.2;12.1;1.2;4.8;0;17.7;1.2
44184;Saint-Nazaire;27.8;3.8;42.9;9.9;10.8;3;19.1;3
44186;Sainte-Pazanne;29.1;2.4;62;6.6;7.5;4.4;14.8;2.7
44188;Saint-Philbert-de-Grand-Lieu;29.5;2.9;40.3;7;7;4.4;13.9;2.2
44195;Savenay;29.7;3.4;32.8;7.2;7.9;2;14.2;2.6
44209;Treillières;34.2;3.2;60.2;9;5.5;4;12.3;1.5
44212;Vallet;31.6;3.4;53;7.6;6.8;2.3;13.4;2.6
44213;Loireauxence;28;2;53.3;2.7;8;0;16;2.7
45028;Beaugency;25.4;2.5;17.2;5.2;8.6;1.7;16.9;2.2
45030;Beaune-la-Rolande;29.7;1.4;0;2.6;8.6;0;18.8;2.6
45031;Bellegarde;30.7;1.3;14.7;2.9;7.4;0;19.2;2.9
45053;Briare;33.1;2.7;12.5;6.3;13.8;1.2;N/A - secret statistique;3.1
45082;Châteauneuf-sur-Loire;31.5;2.5;23.5;5.6;8.4;2.7;16.4;2.8
45085;Châtillon-Coligny;30.3;1.7;8.1;2.4;8.9;0;N/A - secret statistique;1.6
45115;Courtenay;28.3;1.3;17.4;0.9;18.3;1.7;20.4;1.7
45145;Ferrières-en-Gâtinais;28.2;1.2;21.2;1.1;11.7;0;19.1;2.1
45146;La Ferté-Saint-Aubin;37.1;2.5;26.6;6;12;5.2;16.5;3.3
45155;Gien;30.4;2.8;12.2;4.5;9.3;0;19.9;2.4
45173;Jargeau;33.8;2.9;15.1;4.5;10.1;1;16;2.5
45187;Lorris;31.9;1.6;10.6;4.2;14.8;2.1;19.9;2.1
45191;Le Malesherbois;30.1;2.2;9.4;3.8;6.6;0;17.9;2.8
45203;Meung-sur-Loire;31.7;2.7;17.3;6.5;8.2;1.7;17.1;2.6
45208;Montargis;27.6;2.4;14.3;4.4;12.8;0.8;18.7;2.4
45224;Neuville-aux-Bois;35.7;1.9;14.1;4.7;5.2;1.9;15.4;2.3
45234;Orléans;34.9;3.1;26;7.2;7.5;2.1;N/A - secret statistique;2.5
45248;Patay;29.9;1.5;11.4;3.4;11.4;0;15.1;2.3
45252;Pithiviers;32;1.7;15.6;3.1;7.4;0;16.5;1.9
45258;Puiseaux;30.3;1.8;21.9;4.4;16.4;0;17.7;2.2
45315;Sully-sur-Loire;27.4;2.5;18.6;6;10.2;1.8;19.1;2.8
46042;Cahors;26.3;3.4;26.2;8.1;22.8;2.3;20.4;3.4
46045;Cajarc;30.9;2.5;29.6;7.4;32.5;0;22.1;3
46063;Castelnau-Montratier;23.3;1.4;50.5;0;45.5;0;21.7;5.1
46102;Figeac;28.7;2.9;43.2;6.9;19;5.1;17.9;3
46127;Gourdon;21.6;3.2;14.7;6.8;27.9;0;23.1;4.4
46128;Gramat;25.1;2.8;43.5;7.6;15.2;2.1;20.6;4.3
46143;Lacapelle-Marival;26.3;3.1;28.6;2.9;25.7;11.3;18.2;2.9
46225;Prayssac;26.1;3.2;30.9;7.2;31.4;0;21.6;3.1
46251;Saint-Céré;25.4;3.1;26.8;7.3;22.6;0;19.2;3.4
46309;Souillac;24.1;3.6;33.4;9.2;28.4;1.6;21.7;4.2
46330;Vayrac;26.3;3.5;60.8;9.1;27.4;0;18.5;3
47001;Agen;25.3;3.3;20.4;6.5;17.3;2.6;17.7;3.1
47004;Aiguillon;27.1;3.2;17.4;10.4;20.9;0;19.9;5.2
47052;Casteljaloux;35.5;3.4;29.8;8.2;25.3;0;23.4;3.7
47057;Castillonnès;29.9;2.4;36.7;5.5;11;0;19.9;3.7
47106;Fumel;27.2;2.4;8.9;4.9;18.6;0.9;22.3;4.4
47157;Marmande;29;3.4;18.7;6.7;19.4;1.2;19.3;3.1
47168;Miramont-de-Guyenne;29.9;2.1;8.2;4.9;21.4;0;20.6;4.9
47175;Monflanquin;27.8;2.9;9;6.3;23.4;1.7;20.8;2.7
47195;Nérac;28.7;3.4;18.3;6.4;22;1.8;N/A - secret statistique;4.6
47310;Tonneins;26.8;2.6;4.3;1.7;14.9;1.7;18.5;3.8
47323;Villeneuve-sur-Lot;30.2;2.8;19.6;5.1;20.7;2.5;21.1;3.3
48034;La Canourgue;35;3.6;17.2;6.9;27.6;3.5;N/A - secret statistique;3.4
48061;Florac Trois Rivières;32.6;4;31.1;7.8;23.4;3.1;N/A - secret statistique;7.8
48080;Langogne;23.4;2;14.6;4.4;19.7;3;20;5.8
48092;Marvejols;38.2;1.8;39.9;4;14;2;N/A - secret statistique;2
48095;Mende;40.6;3.3;17.1;6.4;18.8;1.7;19.9;4.3
48140;Saint-Chély-d'Apcher;35.2;2.6;33.5;6;20.7;2.7;20;4.7
49007;Angers;24.7;5.3;47.5;11.9;8.8;2.5;15.8;2.8
49018;Baugé-en-Anjou;18;3.3;26.7;7.3;8.7;1.3;17.8;2
49021;Beaufort-en-Anjou;30.6;3.8;50.8;7.9;7.9;3.3;15.6;2.3
49023;Beaupréau-en-Mauges;31.3;3;25.1;5.9;7.5;5;15.5;2.9
49050;Brissac Loire Aubance;29.7;4.8;40.6;10.6;9.7;3.3;13.7;1.6
49054;Candé;29.9;2.5;48.1;6.7;8.7;0;15.7;1.9
49063;Chalonnes-sur-Loire;25;4.4;61.1;12.2;13.2;3.9;17.5;3.1
49080;Les Hauts-d'Anjou;27.1;3.6;21;10.5;9.1;0;17.2;3.5
49092;Chemillé-en-Anjou;26.4;2.8;20;5.6;8.4;2.4;15.3;2
49099;Cholet;32.4;3.5;24.1;6.7;9.2;2.8;16.5;2.6
49125;Doué-en-Anjou;27.7;3.1;38.6;5.8;12.2;2.5;16.8;1.9
49126;Orée d'Anjou;16.8;2.8;41.2;4.7;10;1.2;8.6;2.9
49127;Durtal;22.6;2.6;25.4;8.9;6.3;2.5;16.5;2.5
49176;Le Lion-d'Angers;27.2;3.8;71.7;5.9;12.4;2.6;12.3;2
49180;Longué-Jumelles;28.3;2.7;22.6;7.9;10.2;2.2;18.3;3.4
49214;Montreuil-Juigné;27.8;4;47.1;8.4;8.4;2.1;14.8;2.6
49215;Montreuil-Bellay;29.7;2.8;39.2;6.5;14.4;0;18.3;2.6
49218;Montrevault-sur-Èvre;31.8;1.4;51;3.2;7.7;1.3;16.5;1.9
49228;Noyant-Villages;21.3;3.3;0;7.8;14;0;19.8;1.6
49244;Mauges-sur-Loire;25.9;4.4;39;9.4;11.3;2.3;16.4;3.1
49248;Ombrée d'Anjou;33.2;2.5;22.8;8;8.5;0;17.9;2.8
49261;Gennes-Val-de-Loire;29.2;3.8;10.4;5.2;11.5;4.1;16.6;3.1
49283;Saint-Georges-sur-Loire;25.9;3.9;31.8;14.8;11.7;4.1;14.7;3.2
49301;Sèvremoine;33;2.9;20.5;7.2;6.1;4.1;15.2;3.4
49307;Loire-Authion;30.5;3.9;18.1;8.4;10.9;2.4;15.1;3
49328;Saumur;30.4;3.3;33.1;7.5;15.8;2;18.2;3.8
49331;Segré-en-Anjou Bleu;31.9;3.8;20.1;6.5;13;3;16.3;3
49333;Seiches-sur-le-Loir;26;3.5;46.1;12.3;13.8;6.1;14.7;1.5
49345;Bellevigne-en-Layon;26.9;3;36;10.8;13.5;1.8;14.4;2.7
49347;Tiercé;27.3;3.4;57.6;9.9;8.2;3.3;15.7;2.5
49373;Lys-Haut-Layon;26.9;3.7;31.8;7.2;7.9;3.2;17.2;2.4
50003;Agon-Coutainville;35.5;3.4;20.8;9.4;28.1;2;24.5;3.1
50025;Avranches;30;3.2;17;6.6;15.3;2.9;19.2;1.7
50031;Barneville-Carteret;33.9;1.4;41.2;4.1;20.6;0;24;2.1
50074;Brécey;28.4;1.7;0;3;21.1;0;N/A - secret statistique;3
50076;Bréhal;34.6;3.8;13.9;7.7;21.6;2.7;23.2;3.5
50082;Bricquebec-en-Cotentin;32.1;2.2;9.7;4.8;14.5;0;16.9;1
50099;Carentan-les-Marais;26.7;2.7;23.8;6;6.6;2.3;N/A - secret statistique;2.4
50129;Cherbourg-en-Cotentin;33.7;3.2;25.3;7.4;16.9;1.8;17.5;2.8
50147;Coutances;30.1;3.7;50.8;7.6;15.3;2.5;20;3
50218;Granville;35.4;4.6;24.5;9.5;21.5;2.3;24.2;3.4
50236;La Haye;29.5;2.6;19.4;5.2;16.9;0.6;20.8;2.3
50341;Montebourg;28.5;2.8;0;3.7;35;0;20.1;1.8
50359;Mortain-Bocage;27.9;2.1;10;7;20;0;21.9;4
50394;Périers;28;2.9;0;6.7;10.5;0;18.6;1.9
50402;Les Pieux;31;2.6;22.8;6.1;16;4.6;16.3;1.5
50410;Pontorson;27.5;2.8;8.9;5.3;12.4;0;N/A - secret statistique;1.8
50484;Saint-Hilaire-du-Harcouët;29.4;2.6;26.2;5.9;11.1;1.3;20.3;3.3
50487;Saint-James;26.3;2.5;0;6.1;18.3;0;19.2;3.7
50502;Saint-Lô;28.3;3.3;19.5;7.8;13.6;2.6;21.9;3.6
50539;Saint-Pierre-Église;32.5;2.2;31.1;1.6;21.8;0;18.4;3.1
50582;Sourdeval;27.3;2;20.7;2.1;26.9;0;26.3;2.1
50601;Torigny-les-Villes;28;3;8.5;5.9;12.7;0;N/A - secret statistique;1.7
50615;Valognes;30.8;3;30.2;5.6;19;4.2;20;2.6
50639;Villedieu-les-Poêles-Rouffigny;28.8;2.6;19.1;8.1;17.6;0.9;N/A - secret statistique;2.4
51030;Aÿ-Champagne;33.7;3.8;27.7;6.9;13.8;5.3;18.8;2.8
51108;Châlons-en-Champagne;31.1;3.6;18.1;6.9;11.5;2;18.4;3
51217;Dormans;27.4;3.1;6.1;6.1;14.5;2.4;16.9;3.6
51230;Épernay;33.6;3.8;12.5;7.5;11.2;0.7;17.4;3.7
51248;Fère-Champenoise;33.3;2.7;23.8;7.2;9.5;0;18.2;4.8
51250;Fismes;17.9;2.7;5.4;4.9;11.9;2.1;16.6;2.2
51380;Montmirail;21;3.6;24.4;8.5;8.5;2.4;17.9;2.4
51388;Mourmelon-le-Grand;24.7;4;31.7;7.4;8.5;2.3;12.5;2.1
51454;Reims;18.2;4.9;29.5;10.9;11.1;2.6;15.7;3.2
51507;Sainte-Menehould;24.4;3;17.5;6.4;17.5;2.3;20.5;4.1
51535;Sézanne;32.3;3.1;12;6;10.2;4.7;17.6;1.8
51559;Suippes;24.9;2.3;42.4;4.2;11.3;3;13.1;1.4
51612;Blancs-Coteaux;34.8;3.6;12.2;8.6;8.6;2.4;17.8;2.4
51649;Vitry-le-François;31.1;3.4;14.4;6.6;13;2.2;N/A - secret statistique;3.5
52060;Bourbonne-les-Bains;29.1;2.8;0;5.1;13.7;0;N/A - secret statistique;1.7
52093;Chalindrey;37.6;3.3;15.7;6.3;11;0;15.9;1.6
52121;Chaumont;31.1;3.5;11.6;7.7;10.9;1.8;19.8;3.3
52197;Fayl-Billot;33.3;2.5;26.6;10.6;26.6;0;22.2;5.3
52250;Joinville;26.7;3.4;14.1;7;16.2;0;21.4;4.2
52269;Langres;35.1;3.2;22.8;6.3;10.8;5.6;17.8;4.6
52331;La Porte du Der;27.8;2.5;0;5.4;13.6;2.6;19.2;2.7
52353;Nogent;31.4;2.6;7.2;5.7;15.1;0;19.4;2.9
52448;Saint-Dizier;26.5;2.7;22.4;5.1;16.7;1.6;20.1;3.3
52550;Wassy;27.7;2.3;0;2.7;13.4;0;18.2;2.7
53003;Ambrières-les-Vallées;28.8;2.1;0;10.5;13.1;0;18.7;2.6
53062;Château-Gontier-sur-Mayenne;35.3;3.3;23.9;6;11;1.2;15.5;2.7
53077;Cossé-le-Vivien;29.4;2.2;29.4;5.9;14.7;0;15.4;1.5
53084;Craon;34.3;3;11;8.8;16.5;0;18.3;3.3
53096;Ernée;30;2.6;44.9;5.1;15.4;0;18.7;3.2
53097;Évron;30.4;2.6;12.1;6.1;9.7;0.8;18;3.2
53107;Gorron;27.7;2.6;0;7.2;12.5;0;22;1.8
53130;Laval;29.8;3.4;25.9;5.9;8.8;2.2;17;2.8
53147;Mayenne;32.4;2.2;15;3.9;13.2;2.4;17.4;2.1
53152;Meslay-du-Maine;31.5;2.8;26.7;6.7;8;2.6;17.8;1.3
53185;Pré-en-Pail-Saint-Samson;26.2;2.1;0;4.8;17.4;0;21.4;3.2
53271;Villaines-la-Juhel;31.2;1.9;36;5.4;12.6;3.6;24.1;1.8
54039;Baccarat;24.7;2.7;11.4;4.6;14.8;4.4;N/A - secret statistique;3.4
54076;Blainville-sur-l'Eau;27.6;3.1;32.3;6.5;15.1;0;16;3.2
54099;Val de Briey;21.1;3.2;24.1;6.3;15.3;4.7;N/A - secret statistique;3.6
54159;Dombasle-sur-Meurthe;28.9;4;33;11.2;13.2;2.6;19.6;2.6
54273;Jarny;24.9;2.8;21.2;3.8;10.6;3.3;16.7;2.5
54280;Jœuf;23.6;3.7;20.5;6.7;16.9;1.5;18.9;3.1
54322;Longuyon;13.6;3.2;25.8;7.2;11.9;1;17.5;2.6
54323;Longwy;10.5;2.7;27.2;4.5;8.5;0.6;15.3;3.5
54328;Ludres;35.2;5;56.6;9.9;10.4;5.5;18.4;2.8
54329;Lunéville;23.6;4.5;23.3;9.3;14;5.1;18.1;3.9
54395;Nancy;25.1;5.2;44.5;11;12.1;2.8;15.7;3.7
54397;Neuves-Maisons;31.3;2.8;45.9;9.2;17.3;2;N/A - secret statistique;2.5
54431;Pont-à-Mousson;28.9;4.1;35.6;9;13;3.3;16.4;2.9
54528;Toul;29.9;4.4;44.7;9.3;15;2.3;17;2.9
54563;Vézelise;30.1;3.4;33.9;10.2;14.7;2.2;16.3;2.3
54580;Villerupt;12.1;2.7;33.7;4.3;11.3;1.4;13.9;2.9
55029;Bar-le-Duc;28.4;3.3;12.8;6.1;13.5;1.9;22.2;3.2
55122;Commercy;21.9;3.6;22.7;7.9;10.8;3.3;18.3;3.4
55181;Étain;17.1;3.9;16.6;8.3;16.6;0;17.3;3.3
55291;Ligny-en-Barrois;25.4;2.8;15.7;7.9;18.1;0;22.1;3.1
55351;Montmédy;13.1;1.4;17.3;1.7;17.3;0;14.4;3.5
55427;Revigny-sur-Ornain;27.6;4.6;7.1;11.4;17.8;0;20.6;3.6
55463;Saint-Mihiel;21.3;3.8;22.6;10.5;15.1;3.1;18.5;3
55502;Stenay;19.7;3;29.7;6.9;12.9;2;19.6;3
55533;Vaucouleurs;23.4;3.7;25.1;7.5;20.1;0;19.7;5
55545;Verdun;19;3.8;18.7;8.4;14;2.3;18.4;3
56001;Allaire;31.2;3.2;22.3;4.5;8.9;0;20.7;2.2
56003;Arradon;33.9;5.4;34.4;17.2;13.7;3.2;19.9;3.4
56007;Auray;27.6;5;53.5;13.2;23.2;2;18.5;3
56010;Baud;31.5;2.7;16.6;5.5;18.3;2.2;18;2.8
56013;Belz;28.9;4.4;44.6;12.6;23.8;0;20.8;3
56034;Carnac;32.2;4.2;48.1;15.6;37.2;0;24.2;6
56053;Elven;26.8;4.2;39.9;6.8;14.2;3.4;15.6;1.1
56057;Le Faouët;21;3.1;35.8;5.4;25.1;0;21;2.7
56061;La Gacilly;32.7;3;46.5;5.4;18.6;0;20.1;2.3
56066;Gourin;20.7;2.6;0;7.5;15;7.5;22.4;3.8
56067;Grand-Champ;28.3;3.4;54.9;7.7;13.2;4.3;15.9;1.1
56073;Guémené-sur-Scorff;27.4;2.5;67.4;6.7;33.7;3.3;22.8;3.4
56075;Guer;28.8;3.7;31.7;10.6;26.5;0;16.6;2.1
56078;Guidel;26.9;4.4;49;8.2;14.7;3.2;16.6;2.5
56083;Hennebont;27.5;4.7;48.7;8.6;19.7;3.9;16.7;3.1
56091;Josselin;31.7;3.3;56.1;7.5;34.6;1.9;19.5;2.8
56098;Lanester;24.8;5.5;33;10.9;16.5;2.6;18.1;3
56117;Locminé;30.5;3.3;47;7.2;19.6;2.7;17.5;3.3
56121;Lorient;25.7;4.5;50.6;11.1;24.6;3.4;18.2;3.6
56124;Malestroit;30.2;2.9;39.7;7.9;22.1;3.4;18.9;2.8
56127;Mauron;33.9;3.1;0;8.6;13.7;0;20.5;1.7
56143;Muzillac;33.5;4;40.4;11.4;16.8;1.3;23.2;2.7
56147;Nivillac;25.5;4.2;23.3;8.6;12.4;1.5;21.5;1.6
56152;Le Palais;17.9;5.7;17.9;14.3;12.5;3.5;19.5;1.8
56164;Ploeren;30.6;8.5;29.5;7.4;17.7;0;17.2;1.5
56165;Ploërmel;32.7;3.5;39.4;6.7;15.4;2.3;17.6;2.8
56166;Plouay;25.8;3.2;38.3;7.7;21.5;1;20.1;3.4
56169;Plouhinec;30.8;3.6;33.2;8.3;26.5;0;21.9;5
56177;Pluvigner;28;3.3;35.3;8.5;26.1;4.2;16.1;2.1
56178;Pontivy;31.6;2.9;22;6;16.8;2.2;18.3;2.7
56184;Questembert;28.2;3.6;45.9;11;17;2.7;19.6;3.2
56186;Quiberon;35.4;3.2;40.4;9.4;35;2.5;26.4;5.4
56193;Riantec;28.7;2.9;47.9;12;20;3;20.1;3.2
56240;Sarzeau;45.1;3.6;32.7;7.2;29.5;0;27.1;3.3
56251;Theix-Noyalo;32.3;5.1;37.1;11.7;20.4;3.6;20.9;1.9
56260;Vannes;31.4;5.5;63.5;14.5;19.8;4;21.6;3
57019;Amnéville;26.5;4.5;35.5;9.1;14.7;3;20.1;2.3
57089;Bitche;29.6;2.2;24.8;4;21.3;1;21.8;3.5
57097;Boulay-Moselle;32.4;3.4;23.6;7.1;18.1;3.1;N/A - secret statistique;1.6
57106;Bouzonville;36.3;2.4;36.3;4.7;15.6;3.1;16.7;1.6
57132;Château-Salins;24.2;4.2;30.5;13.2;20.3;2;20;3
57160;Creutzwald;27.4;3.4;16;5.7;21.7;1.2;18.1;2.6
57177;Dieuze;24.8;3.1;20.6;7.2;18.5;4;23.3;4.1
57207;Farébersviller;28.8;3.3;18.7;3.1;26.1;0;18.5;2.5
57209;Faulquemont;23.8;3;13;3.9;18.8;3.8;17.5;1.9
57227;Forbach;28.8;3.3;16.5;4.5;22.2;1.6;17;2.6
57240;Freyming-Merlebach;25.6;4.6;7.7;2.7;23.1;1.5;18;3.1
57269;Guénange;27.7;5.2;22;5.5;11;3.2;18.1;2.2
57323;Hettange-Grande;17.6;2.3;32.8;6;4.4;2.2;13.2;1.6
57413;Longeville-lès-Saint-Avold;24.9;3.7;61.6;3.1;18.5;0;17.5;0
57443;Marange-Silvange;26.3;4;46.7;7.5;8.4;0;17.9;1.9
57463;Metz;25.3;4.6;39;9.3;13.3;2.7;N/A - secret statistique;2.5
57483;Morhange;22;2.4;26;5.8;24.7;3.9;20.8;3.2
57540;Phalsbourg;32.6;3.3;43.8;5.1;26.3;0;19.4;2.2
57556;Puttelange-aux-Lacs;29.9;3;27.4;7.3;15.6;0;19.1;1.8
57572;Rémilly;25.8;4;38.9;12.6;16.5;3.9;N/A - secret statistique;1.9
57589;Rohrbach-lès-Bitche;32.3;2.8;19.3;4.8;18.4;1.9;20.1;2.9
57606;Saint-Avold;24.2;3.9;30.5;7.5;21.9;3.8;19.2;2.8
57628;Sarralbe;31.2;3.6;23.6;10.2;18.9;0;22;2.4
57630;Sarrebourg;28.6;3.4;19.8;7.2;21.1;2.5;20.6;2.5
57631;Sarreguemines;30.3;3.6;26.5;8.1;22;1.6;21.4;2.6
57672;Thionville;23.8;3.7;34.9;7.1;12.5;2.3;17.7;2.4
58059;La Charité-sur-Loire;27.1;1.6;12.2;4.3;15.3;0;22.5;2.4
58062;Château-Chinon (Ville);23.6;2;19.5;4.9;16.5;0;20.9;5.8
58079;Clamecy;26.4;2.3;9.6;5.3;13.4;0;22.8;4.8
58083;Corbigny;24.9;2.9;23.9;6;10.8;0;N/A - secret statistique;2.4
58086;Cosne-Cours-sur-Loire;30;2.6;9.8;6.4;14.5;0.9;22.3;3.4
58095;Decize;22.5;2.3;5;4;13.1;1;24.6;3
58134;Imphy;23.2;1.7;18.1;3.6;18.1;0;22.2;3.6
58149;Luzy;28.3;5.2;21.6;12.9;19.4;4.1;24.5;4.3
58194;Nevers;25.2;2.9;12.6;5.7;12.6;1.8;21.1;3.6
58218;Prémery;24.9;2.1;0;5.3;23.9;0;N/A - secret statistique;2.7
58264;Saint-Pierre-le-Moûtier;18.4;2.3;0;6.4;17;0;21.9;8.5
59011;Annœullin;29.2;3.8;54.8;6.7;14.9;2.3;17.5;2.7
59015;Arleux;24.2;3;23;6.3;24.1;1.1;17;3.4
59017;Armentières;25.1;5.1;62;11.8;15.2;2.7;17.1;3.3
59033;Aulnoye-Aymeries;27.5;2.4;33.3;3.8;27.1;1.8;18.9;3.3
59036;Avesnes-sur-Helpe;24;3.6;44.5;8.1;22.6;2.2;18.5;2.6
59037;Avesnes-les-Aubert;23.2;3;29.6;7.9;23.7;0;17.2;4.9
59051;La Bassée;24;5;53;9;15.4;3.2;17.2;3.2
59053;Bavay;27.5;2.8;46.5;6.2;9.3;0;16.2;2.3
59067;Bergues;32.1;3.1;41.9;7.9;20.5;1.8;16.3;3.3
59094;Bourbourg;30.5;2.9;9.7;6.8;13.6;0;17.7;3.9
59107;Bray-Dunes;30.6;2.5;20;7;13;0;20;4
59122;Cambrai;25.9;3.1;41.3;5.9;22.5;1.3;N/A - secret statistique;4
59136;Le Cateau-Cambrésis;17.8;3.3;14.4;3.6;14.4;0;17;4.3
59139;Caudry;21.7;3.2;26.9;4.6;16.1;1;N/A - secret statistique;3.5
59168;Cysoing;32.6;3.8;45.2;9.9;17.2;8.8;14.8;2.7
59172;Denain;23;4.5;46.6;7.5;15.7;0.7;18.2;3.5
59178;Douai;22.8;4;47.4;7.8;16.3;2.4;17.5;3.3
59183;Dunkerque;31.1;3.6;37.7;7.1;18.7;1.5;18.2;4
59239;Flines-lez-Raches;25.3;3.1;70.5;7;28.2;0;16.5;3.5
59249;Fourmies;20.7;3.1;10.9;3.8;12.5;3.1;19.6;2.7
59273;Gravelines;30.2;2.8;36.9;5.5;11.4;1.5;16.5;3.7
59295;Hazebrouck;32.5;3.8;56.7;8.6;14.3;4.6;17.5;3.3
59324;Jeumont;24.3;3.2;35.3;8.2;14.1;0;19;2.9
59331;Landrecies;27.4;3.4;30.7;7.2;22.5;4;17;5.1
59350;Lille;25.9;5.4;65;10.4;14.6;2.5;15.6;3.2
59375;Marchiennes;25.9;4.3;75.2;8.8;21.3;2.5;16;1.3
59392;Maubeuge;26.1;3.5;45.2;5.3;22.2;1.8;20.2;3.4
59400;Merville;26.3;4.8;67.6;10;15.9;1.8;17.6;3
59449;Orchies;28.4;5.4;87.4;15.4;15.4;4.9;17.1;3.3
59462;Phalempin;31.5;5.3;45.5;13.7;21.3;0;16.7;4.6
59466;Pont-à-Marcq;31.2;4.9;52.7;12.4;16.1;5.5;15.5;3.4
59481;Le Quesnoy;31.6;3.4;50.5;9.7;19.4;2.5;16.6;2.5
59484;Quiévrechain;23.3;2.9;45.7;11;21.9;0;18.2;1.8
59526;Saint-Amand-les-Eaux;29.8;4.7;59;12.6;17.2;2;17.3;3.1
59571;Solesmes;25;3;75.3;4.7;23.5;1.9;17.7;2.8
59574;Somain;23.6;4;37.8;5.5;15.5;1.1;17;3.3
59580;Steenvoorde;30.8;4;33.8;7.3;11.8;2.3;16.7;2.3
59601;Trélon;17.9;2.3;31.8;3.2;20.7;0;N/A - secret statistique;4.8
59606;Valenciennes;25.6;4.8;40.1;8.6;16;2;17.5;3.2
59616;Vieux-Condé;23.6;4.2;28;5.6;13.7;1.5;17.1;3.1
59653;Wavrin;27.8;4.8;66.5;12.3;13.8;4;16.6;4.1
59663;Wormhout;32.7;3.1;40.3;8.6;16.1;5;16.8;3
60057;Beauvais;28.7;3.9;8;8.1;9.1;2.7;17.9;2.7
60103;Bresles;28.5;2.5;29.8;4.5;12.9;2;16.1;3
60104;Breteuil;30.8;4.1;5.6;9;12.4;1.1;17.8;2.3
60141;Chantilly;33.3;3.1;48.9;8.2;11.3;2;15.6;3.3
60143;Chaumont-en-Vexin;26.5;1.1;10.4;2.1;10.4;0;14;1
60157;Clermont;26.8;2.4;20.9;4.9;11.5;2;N/A - secret statistique;2.4
60159;Compiègne;26.5;3.4;27.6;7.5;9.9;2.3;16.7;2.9
60175;Creil;21.6;3.3;4.4;5.7;8;1;16.6;2.9
60176;Crépy-en-Valois;29.1;3;17.5;3.8;8.4;1.4;16.9;2.4
60178;Crèvecœur-le-Grand;28;3.6;24;8.4;8.4;4.7;17.3;2.4
60223;Estrées-Saint-Denis;32.1;2.6;6.7;6.7;9.4;0;15.3;2.7
60245;Formerie;24.4;2.9;13.5;2.7;18.9;2.7;20.2;2.7
60286;Grandvilliers;26.3;3.6;16.4;7.7;9.3;1.1;17.9;2.7
60360;Liancourt;26.6;2.5;14.9;5;5.9;0.5;16.8;2
60395;Méru;27.9;1.6;11.2;3;9.9;1.8;15.3;1.9
60471;Noyon;25.4;3.1;10.9;5.7;12.6;0;18.2;2.5
60500;Le Plessis-Belleville;21.3;2.2;18.5;4.8;6.6;0.7;14.5;2.2
60509;Pont-Sainte-Maxence;30.7;2.9;13.7;5;9.1;2.7;16.8;2.7
60533;Ressons-sur-Matz;29.9;2.4;14.6;7.3;14.6;0;17.9;1.5
60581;Saint-Just-en-Chaussée;26.6;3;8.3;5;7.4;1.6;16.8;2.5
60612;Senlis;31.9;3.1;43.1;7.7;9.6;3.7;14.6;2.4
60636;Thourotte;31.2;3.3;11.1;3.7;11.5;0.7;17.7;3
60667;Verberie;30.9;3.1;16.8;6.7;8.4;3.3;18.3;1.7
61001;Alençon;20.2;3;15.6;5;12.3;1.5;20.6;2.2
61006;Argentan;17.9;2.8;8.8;6.2;15.9;1.2;N/A - secret statistique;3.2
61038;Bellême;17.1;2.7;12.8;7.7;9;0;19;2.6
61145;Domfront en Poiraie;29.6;2.1;14.9;4.5;14.9;0;21.6;3.7
61168;La Ferté Macé;22.7;2.7;15;6.4;13.9;0;19.8;3.4
61169;Flers;26.3;2.7;9.2;3.7;15.1;0.9;19.2;2.8
61181;Gacé;15.9;2.7;24.8;7.4;17.3;0;20.3;2.5
61214;L'Aigle;18.3;2.6;8.5;6;10.5;0.5;N/A - secret statistique;3.1
61293;Mortagne-au-Perche;16.4;3.4;15.5;6.2;14.4;0;20.4;3.5
61464;Sées;15.4;3.2;7.5;6.8;15.1;0;17.3;3
61486;Tinchebray-Bocage;25.8;2.4;44.9;7.5;20.9;0;19.4;3
61508;Vimoutiers;18.1;2.1;14.2;5.7;14.2;0;N/A - secret statistique;4.3
62014;Aire-sur-la-Lys;26.5;3.7;29.5;7.6;18.6;1.8;18.3;3
62038;Ardres;25.7;1.7;25.7;3.6;19;4.1;15.4;2.6
62041;Arras;29.6;4.4;46.9;8.8;19.1;2.6;N/A - secret statistique;3.5
62045;Aubigny-en-Artois;28.3;3.6;51.6;9.3;22.7;2.1;16.7;2.1
62048;Auchel;22.4;3.5;32.1;5.8;18.3;1.1;18.2;2.6
62057;Audruicq;28.4;2.6;27.9;3.3;12.3;3.3;15.2;2.8
62060;Auxi-le-Château;25.7;2.4;15.5;4.7;18.7;3;21.6;4.7
62080;Bapaume;26.5;3.3;5.5;7.2;19.9;2.2;17.8;3.3
62108;Berck;29;5.5;33.8;8.4;35.9;0;23.7;3.8
62119;Béthune;27.1;3.9;46;8.2;19.2;1.1;23.6;3.4
62160;Boulogne-sur-Mer;21.1;5.1;42;10;21.2;1.3;18.1;3.9
62178;Bruay-la-Buissière;20.4;3.4;14.5;5;22.6;1.2;17.7;3.1
62193;Calais;26.2;4.1;37.6;7.7;20.3;1.2;17.4;3.6
62268;Desvres;21.2;2.7;45;7.5;22;3;16.8;2
62318;Étaples;29.4;5.9;37.6;14.7;23.5;1.2;21.9;3.8
62361;Frévent;18.7;3.2;49.5;8.7;12.4;0;19.1;1.2
62364;Fruges;22.5;2.6;0;7.4;20.6;2.9;N/A - secret statistique;2.9
62397;Guînes;24;2.9;0;5.2;26.9;0;16.7;3.1
62447;Hesdin-la-Forêt;25.7;2.8;39.3;4.5;26.4;1.1;N/A - secret statistique;4.5
62497;Leforest;24.8;4.6;44.6;9.7;10.4;2.8;17.7;3
62498;Lens;25.1;4.8;40.1;7.3;16.7;1.8;17.7;3.2
62534;Lumbres;26.1;2.1;31.3;5;18.8;0;16.2;1.9
62560;Marquise;22.1;3.7;41.2;7.8;23.8;2.7;16.4;3.7
62588;Montreuil-sur-Mer;28.2;4;37.2;8.3;20.7;1.6;17.8;2.9
62617;Nœux-les-Mines;21.9;3.8;32.9;5.8;14.5;2.6;18.8;3.3
62765;Saint-Omer;27.1;3.5;44.9;6.2;17.4;1;17.5;3.3
62767;Saint-Pol-sur-Ternoise;23.5;3.9;21;7.3;18.9;1;18.5;3.1
62773;Samer;21.6;3.5;30.5;9.1;27.4;0;17.3;3
62861;Vimy;30.7;4.9;38.4;11.5;21.8;4.9;17.2;2.6
62893;Wimereux;24;4.8;53.4;13.7;22.1;0;20.1;4.6
62895;Wingles;25.4;5;52.2;7.2;14.5;1.6;18.2;2.8
63003;Ambert;19.4;2;22.3;4.5;15.6;2.2;21.3;2.8
63010;Arlanc;18;2.5;31.5;3.2;15.8;6.1;24.7;3.2
63038;Besse-et-Saint-Anastaise;29.2;5.1;22.5;18;22.5;0;19.4;6.7
63040;Billom;25.1;2.3;36.6;3.7;16.8;1.4;17.7;1.5
63047;La Bourboule-Mont-Dore;29.4;4.9;12;18.1;21.7;0;23.1;8.4
63113;Clermont-Ferrand;26.5;4.4;34.2;9.2;14.2;3;17.6;3.4
63125;Courpière;24.7;2.8;22.8;6.1;22.8;1.5;22.4;4.6
63178;Issoire;36.8;4.3;33.5;9.5;21.6;1.6;20.8;3.7
63195;Lezoux;21.7;3.2;8.6;5.2;18.1;3.3;18.2;2.6
63214;Les Martres-de-Veyre;32;5.3;37.7;11.3;13.2;3.7;17.8;2.8
63283;Pontaumur;38.9;3;0;5.1;17.8;0;21;2.5
63284;Pont-du-Château;20.5;3.7;30;9.4;13.3;2.5;17.2;3
63285;Pontgibaud;38.1;6.3;41.6;22.9;25;12.5;19.1;4.2
63300;Riom;31;3.5;27.3;8.3;16.4;2.7;18.4;3.1
63338;Saint-Éloy-les-Mines;25.7;2.6;0;2.9;19.5;1.9;21.3;2.9
63430;Thiers;26.7;2.8;12.2;5.9;19.6;1.9;N/A - secret statistique;3.4
63457;Vic-le-Comte;31.6;3.6;47.3;9.5;29.3;3.7;18.6;2.8
64061;Artix;34.3;4.3;14;8.4;16.8;0;16.1;2.8
64062;Arudy;31;5;21.4;8.6;22.5;0;18.9;4.3
64063;Arzacq-Arraziguet;29.2;3.7;23.5;7.1;16.5;9.4;N/A - secret statistique;2.4
64102;Bayonne;37.5;5.7;55;14.1;25.5;2.8;19.6;3.7
64160;Cambo-les-Bains;37.2;4.2;66.5;15.5;25.5;3.2;18.7;2.2
64233;Garlin;28.3;2.8;0;8.1;24.2;0;19.7;4
64256;Hasparren;35.3;3.5;38.4;6.9;16.1;4.6;16.8;2.3
64260;Hendaye;30.7;4;30.1;7.7;19.4;3.8;17.6;2.3
64320;Laruns;30;5.5;0;27.9;23.3;0;20.9;9.3
64331;Lembeye;29.4;2.4;21.1;6.3;29.5;0;N/A - secret statistique;2.1
64371;Mauléon-Licharre;30.3;3.2;14.8;6.7;25.2;0;N/A - secret statistique;3
64393;Monein;31.6;3.1;81.1;11.4;14.6;0;16.4;3.2
64410;Mourenx;32.5;4;28;1.9;15.9;1.8;21;4.7
64416;Navarrenx;29.4;3;16.9;10.1;38.8;3.3;N/A - secret statistique;3.4
64417;Nay;31.2;4.7;27.6;11;25.9;2.7;18.1;3.1
64422;Oloron-Sainte-Marie;28.3;4.4;28.5;10;26.7;1.4;N/A - secret statistique;3.9
64430;Orthez;31.9;3.4;17.5;8.2;22.8;2.3;19.7;2.9
64445;Pau;30.8;4.5;37.1;10.3;22.1;2.6;N/A - secret statistique;3.2
64453;Pontacq;29.5;3.3;55.7;9.3;24.2;3.6;17.6;1.9
64483;Saint-Jean-de-Luz;37.4;5.2;64.1;18.1;35.4;3.5;22.3;5.3
64485;Saint-Jean-Pied-de-Port;32.9;3;30.3;9.1;33.3;1.5;19.9;4.5
64493;Saint-Palais;32.4;3.4;57.8;8.3;21.5;3.3;20.7;3.3
64495;Saint-Pée-sur-Nivelle;35.1;3.5;50.1;13;21.1;2;17.2;3
64499;Salies-de-Béarn;30.8;4.1;18.3;12.2;26.2;2.4;21.4;4.3
64526;Soumoulou;32.5;3.6;34.5;6.9;10.3;6.8;14.3;1.1
65025;Argelès-Gazost;28.7;4.1;31.8;15.1;29.4;3.1;N/A - secret statistique;3.2
65031;Arreau;24.1;7.4;28.7;25.9;35.9;2.8;14.6;7.2
65059;Bagnères-de-Bigorre;25.7;4.2;27.4;12.6;35.1;2.1;19.1;5.5
65258;Lannemezan;16.6;2.9;28.9;5.8;28.4;0.9;20.8;2.9
65286;Lourdes;31;4.5;27.1;9;28.9;1.7;23.5;5
65295;Luz-Saint-Sauveur;27.2;5;36.8;22.1;25.8;0;17.5;3.7
65304;Maubourguet;27.7;3.3;16.2;8.1;33.9;0;N/A - secret statistique;3.2
65440;Tarbes;27.2;3.5;23.3;6.4;22;1.9;18.3;3.2
65452;Trie-sur-Baïse;19.9;3.9;26.6;13.3;29.3;5.3;23.7;2.7
65460;Vic-en-Bigorre;27.2;3.5;28.3;7.4;27.7;3.3;20.5;4
66003;Amélie-les-Bains-Palalda;30.5;4.5;20.3;19.3;36.5;0;N/A - secret statistique;5.1
66016;Banyuls-sur-Mer;31.7;4;34.5;17.3;43.1;0;24.2;5.2
66024;Le Boulou;38.3;3.2;21.3;9.2;28.4;0;N/A - secret statistique;2.8
66025;Bourg-Madame;12.3;5.3;32.9;11.5;21.4;0;15;4.9
66037;Canet-en-Roussillon;36.6;4.2;41.9;8.8;31.4;3.2;25.5;3.4
66049;Céret;37.4;3.7;58;9.1;51.3;4.7;21.4;4.1
66088;Ille-sur-Têt;29.6;2.4;34.9;7;43.2;1.3;20.1;2.8
66108;Millas;30.2;3.5;33.4;3.3;25.6;0;18.1;2.2
66124;Font-Romeu-Odeillo-Via;19.6;5.4;44.3;17.7;19.9;2.3;15.3;5.5
66136;Perpignan;28.7;4.5;32;10.4;26.6;2.8;20.1;3.6
66144;Pollestres;34.4;3.4;23.3;7;16.3;0;18;1.6
66148;Port-Vendres;33.8;3.8;60.5;15.1;57.5;2.8;22.9;4.5
66149;Prades;28.5;2.4;51.4;9.1;34.2;2.2;20.6;4
66171;Saint-Cyprien;40.6;4.3;25.6;7.4;28;1.1;22.4;2.7
66180;Saint-Laurent-de-la-Salanque;34.1;2.9;31.6;7.7;25.5;1.7;23.4;2.9
66210;Thuir;33;2.5;41.4;6.2;28.5;4.1;19.5;3.6
67021;Barr;32.2;4.7;48.2;11.2;16.1;3.1;19.9;2.1
67028;Benfeld;34;4;20.4;8.6;12.2;0.8;20.1;2.4
67061;Bouxwiller;35.3;3.7;38.8;9.1;22;2.6;18.8;3.9
67067;Brumath;36.4;4.8;30.3;9.1;15.6;2.5;19.8;1.7
67095;Diemeringen;33.7;2.8;14;4.2;13.3;0;21.4;2.1
67106;Drusenheim;37.6;3.9;51.9;7.3;9.3;2.1;20.5;2.1
67130;Erstein;32.7;3.5;44.1;10.3;15.7;2.9;19.5;2.4
67152;Geispolsheim;31.4;5.6;25.6;8.5;14.5;3.3;19.1;1.7
67180;Haguenau;36.2;4.7;40.5;9.3;18.1;2.7;21.4;2.6
67202;Hochfelden;37.1;4.3;35.6;12.5;8.9;3.5;19.2;1.8
67205;Hœrdt;36.4;4.8;35.8;9.5;11.9;2.3;19.1;2.4
67222;Ingwiller;34.3;3.1;32.6;8.5;24.1;2.6;22.7;2.6
67281;Marckolsheim;33.7;3.8;25.5;8.5;6.8;3.4;18.5;1.7
67282;Marlenheim;35.7;4.1;71.7;9.6;16.7;3.1;18.2;0.8
67283;Marmoutier;37.6;3.9;65.9;9.9;8.2;0;20.9;1.6
67300;Molsheim;35.8;4.5;29.8;8.9;16.3;2.3;19.5;2.3
67348;Obernai;35.2;4.9;57.5;14.2;14.2;2.5;20.6;3.1
67372;Val-de-Moder;36.1;4.1;21.2;6.4;21.9;1.4;19.7;1.4
67388;Reichshoffen;33.8;3.8;12.4;8.6;21.4;0.8;22.5;2.9
67411;Rosheim;38;4.4;28.2;9.2;16.9;4.1;20.2;1.4
67434;Sarre-Union;31.6;3.5;44.4;5.9;17.7;3;23.1;3
67437;Saverne;36.2;4;35.1;9.1;16.1;2.7;22.5;2.1
67448;Schirmeck;31.8;4.3;29.7;10.4;19.7;0;21.9;3.3
67462;Sélestat;32.4;5.1;30.1;10.6;17.9;4.3;18.8;2.4
67463;Seltz;27.1;2.8;5.6;5.6;17.3;1.1;18.4;2.2
67474;Soultz-sous-Forêts;33.5;4.2;13.4;8.9;13.4;1.8;20.3;1.8
67482;Strasbourg;28.2;5.8;50.7;12;12.7;2.9;17.4;2.5
67495;Truchtersheim;36.4;3.4;49.1;10.5;14;1.4;19.2;0.7
67507;Villé;32.9;3.2;17.7;8.9;12.4;3.6;19.7;1.8
67519;La Wantzenau;41.3;3.3;36.5;8;22.6;2.9;19.3;1.5
67520;Wasselonne;35.6;3.6;26.6;8;19.3;3.9;20.8;2.7
67544;Wissembourg;29.9;3.2;14.1;7.8;19.8;2.8;21.8;2.8
67550;Wœrth;35.2;4.4;32.6;12.2;18.7;3.2;22;2.4
68004;Altkirch;27.8;3.6;0;6.3;8.4;5.5;16.4;2.1
68063;Cernay;30.1;3.7;28.8;8.6;11.9;3.3;19.6;2.1
68066;Colmar;29.1;4.2;34.1;7.9;14.2;3.5;18.5;2.4
68068;Dannemarie;30.2;2;20.8;3.6;12.5;1;18.4;2.1
68082;Ensisheim;29.1;2.8;19.6;3.9;11.4;3.2;16.9;2
68112;Guebwiller;30.1;3.1;33.6;6.2;17;3.7;18.6;2.2
68138;Hirsingue;26;3.2;10.7;8.2;9.3;0;16.6;1.8
68162;Kaysersberg Vignoble;32.2;3.9;18.9;12;17;1.3;19.4;2.5
68201;Masevaux-Niederbruck;30.3;3.1;15.7;6.8;11.5;2.1;N/A - secret statistique;2.6
68224;Mulhouse;30.1;3.8;20.5;8;11.7;1.6;18.8;2.7
68226;Munster;26.4;3.7;34.9;11.1;12.2;3.4;19;2.9
68269;Ribeauvillé;33.1;3.9;24.8;11.2;8.7;2.4;18.3;2.5
68287;Rouffach;35.6;3.2;40.3;10.5;12.1;1.6;17.3;3.2
68297;Saint-Louis;25.1;2.6;18.3;4.8;6.1;2;14.6;2
68298;Sainte-Marie-aux-Mines;26.5;3.3;20.2;6.1;15.2;0;20.5;4
68309;Sierentz;30.2;2.6;21.7;6.5;4.7;1.4;15.4;1.4
68334;Thann;24.3;2.9;10;7;17;0.7;21;3
69006;Amplepuis;27.5;2.7;63.7;3.8;15.9;1.3;18.1;2.5
69010;L'Arbresle;31.1;3.3;55.5;6.9;13.2;2.1;14.9;2.1
69018;Beaujeu;22.6;2.2;23.8;7.1;22.6;2.4;17.9;2.4
69019;Belleville-en-Beaujolais;22.7;3.1;38.6;7.1;16.4;2.8;16.3;2.2
69024;Val d'Oingt;25.6;2.8;33.1;12.4;19;6.6;14.5;2.5
69064;Condrieu;33;3.2;66.5;7.7;13.3;6;17.7;2
69066;Cours;31.5;1.6;51;5.1;19.1;0;19.2;3.8
69091;Givors;34.7;3.7;34.8;7.6;15.3;1.6;16;2.8
69112;Lentilly;31.1;4.3;74.5;9.3;11.5;4.3;14.1;2.5
69123;Lyon;29.8;4.2;60.1;9.4;13.6;3.2;14.5;2.9
69141;Mornant;34.9;2.7;72.7;10.9;21.4;2.7;15;1.8
69143;Neuville-sur-Saône;26;3.9;82.1;9.2;13.4;5.3;15;2.5
69201;Sainte-Foy-l'Argentière;29.3;2.7;46.4;3.1;9.3;3.2;15.1;1.5
69220;Saint-Laurent-de-Chamousset;28.1;2.6;38.6;10.3;20.6;5.1;16.1;3.9
69227;Saint-Martin-en-Haut;32.2;2.4;57.4;7.7;21.1;5.8;15.8;1.9
69238;Saint-Symphorien-sur-Coise;29;2.7;76.6;6.7;19.1;0;16.9;1.9
69243;Tarare;30.6;2.4;50.3;3.2;10.8;2.8;16.8;2.2
69248;Thizy-les-Bourgs;29.7;2.2;32.5;4.3;14.1;0;18.4;3.3
69264;Villefranche-sur-Saône;23.7;3.8;58.2;8.2;14.6;3.1;15.9;2.5
69287;Saint-Bonnet-de-Mure;35;2.9;47.5;5.5;18.2;3.1;15.1;2.4
70198;Dampierre-sur-Salon;26.3;3.4;18.8;7.5;7.5;3.7;21.2;3.8
70279;Gray;24.2;4;4.3;9.1;16.4;0.8;19.3;3.5
70285;Héricourt;31;3.1;9.4;7;17.8;2.7;19.5;2.3
70292;Jussey;21.6;3.6;23.2;6.9;17;1.5;22.9;4.6
70310;Lure;24.7;3.2;12.7;4.8;13.8;1.5;N/A - secret statistique;2.8
70311;Luxeuil-les-Bains;22.2;3.6;7.7;9.3;15;2.3;19.6;4.6
70334;Marnay;28.6;4.2;54.4;10.2;11.6;2.7;N/A - secret statistique;2.7
70421;Port-sur-Saône;23.8;3.3;20;7.3;12;1.3;19.6;3.3
70447;Rioz;26.1;3.8;16.3;13;8.1;3.2;15.5;2.4
70467;Saint-Loup-sur-Semouse;23.8;3.3;9.7;5.8;15.5;3.8;23.1;3.9
70550;Vesoul;24;4.7;14;10.2;12.4;2;21.4;4
70561;Villersexel;22.4;3.7;0;9.7;14.6;0;20.6;4.9
71014;Autun;30.4;3;33.8;6.8;13.9;1.3;19.3;3.4
71047;Bourbon-Lancy;27.1;2.2;8.9;2.7;21.3;0;24.3;3.5
71073;Chagny;32.5;2.9;17.9;6.6;11.3;3.5;16.8;3
71076;Chalon-sur-Saône;32.9;3.4;29.8;6.3;11.5;1.8;18.1;3
71090;La Chapelle-de-Guinchay;24.2;2.9;34;8.5;15.8;3.4;17.4;2.8
71106;Charolles;31.1;2.8;10.8;9.7;21.6;2.1;N/A - secret statistique;3.2
71120;Chauffailles;27.4;2.1;16.8;4.2;20.1;1.7;21.9;3.4
71133;La Clayette;27.9;2.5;10.6;7.4;23.4;0;21.3;3.2
71137;Cluny;24.7;3.3;36;10.4;18.9;4.5;17;3.6
71153;Le Creusot;33.1;2.1;9.3;3.3;15.1;0.5;19.4;4
71176;Digoin;36;2.2;7;4.2;21.7;2.7;21.3;2.8
71192;Étang-sur-Arroux;30.8;2.7;0;7.6;20.9;0;22.9;5.7
71221;Givry;35.3;3.1;25.4;14.4;13.5;0;N/A - secret statistique;1.7
71230;Gueugnon;38;1.8;16.3;4.1;34.2;3.2;25.1;2.4
71263;Louhans;33;2.1;8.6;3;13.8;2.5;N/A - secret statistique;3.4
71270;Mâcon;28.1;3.8;30.2;6.1;16.2;2;19.6;2.9
71275;Marcigny;33.1;1.5;49.7;6.6;21.5;3.2;22.7;3.3
71306;Montceau-les-Mines;33.1;2.6;8.4;4.9;18.4;1.6;N/A - secret statistique;3.8
71310;Montchanin;35.3;1.5;9.7;4.8;26.1;5.7;18.4;1
71342;Paray-le-Monial;33.9;2.7;22.8;5.1;27.3;0;20.8;3.4
71351;Pierre-de-Bresse;27.4;2.7;0;9;21.6;0;21.7;3.6
71417;Saint-Gengoux-le-National;32;2.4;18.7;1.9;13.1;0;N/A - secret statistique;3.7
71419;Saint-Germain-du-Bois;31.5;2.8;31.2;6.2;13.5;2.1;20;3.1
71512;Sennecey-le-Grand;33.5;2.9;14.7;8.8;19.1;2.9;N/A - secret statistique;1.5
71543;Tournus;29;2.7;25.4;5.6;12.2;5;19.9;2.5
72029;Beaumont-sur-Sarthe;20.8;2.6;0;5.4;9.4;2.7;19.8;2.7
72039;Bonnétable;20.2;2.2;9.1;5.5;12.8;1.8;N/A - secret statistique;2.7
72068;La Chartre-sur-le-Loir;20.9;2.6;21.4;7.5;11.8;2.1;22.6;3.2
72071;Montval-sur-Loir;18.8;2.5;25.9;5.8;13.6;1.3;21.9;2.6
72089;Conlie;22.1;3.6;12.3;7.4;12.3;2.5;16.7;1.2
72090;Connerré;20.4;2;0;1.4;7.7;1;16.5;2.4
72124;Écommoy;19.5;2.1;15.4;6.7;9.2;2;17.6;3.1
72132;La Ferté-Bernard;17.8;2.3;11.9;3.6;7.5;3.1;17.3;3.2
72138;Fresnay-sur-Sarthe;20.9;1.5;10.9;1.1;10.9;2.2;20.1;2.2
72143;Le Grand-Lucé;19.3;1.4;15.2;3;9.1;0;17.2;1.5
72154;La Flèche;19.7;3.4;12.5;7.1;8.4;1.6;18.1;2.9
72168;Loué;23.4;3.9;9.5;8.5;12.3;1.9;18.4;2.8
72176;Le Lude;18.5;2.5;13.3;8;6.6;2.6;20.8;4
72180;Mamers;14.7;2.7;29;6.5;8.7;1.4;N/A - secret statistique;2.2
72181;Le Mans;24;3.1;28.9;6.2;9.4;2.5;17.2;2.7
72189;Marolles-les-Braults;17.6;2.4;0;4.3;21.5;0;21.4;2.2
72213;Mulsanne;24.8;2.3;23.8;4.8;9.5;0;18.7;2.4
72231;Parigné-l'Évêque;24.3;1.5;23.1;2.3;6.9;0;15.4;1.2
72264;Sablé-sur-Sarthe;27.4;2.8;15.3;4.6;10.7;0.6;16.7;2.8
72269;Saint-Calais;29.2;1.6;6.7;2.7;12;1.3;20.8;2.7
72334;Sillé-le-Guillaume;24.1;3.9;11.5;8;11.5;2.3;19.8;2.3
72346;La Suze-sur-Sarthe;21.6;2.1;14.7;4.4;9.2;2.2;N/A - secret statistique;2.2
72373;Vibraye;22.6;2;20.8;6.3;8.3;0;22;4.2
73006;Aime-la-Plagne;22.3;3.6;24.3;7.3;12.1;0;12.7;3.6
73008;Aix-les-Bains;31.7;3.8;42.2;10.2;17.8;3;17;3
73010;Entrelacs;30.8;3.7;42.3;10.1;14.4;3.4;12.6;2.5
73011;Albertville;25;3.3;32.8;7.2;11.7;2.4;16.8;2.9
73034;Beaufort;21.8;6.4;0;23.4;23.4;0;15.7;5.9
73054;Bourg-Saint-Maurice;17.4;4.5;44.5;10.4;17.8;3;13;5.2
73055;Bozel;20.3;5.9;0;16.5;9;0;13.1;6
73065;Chambéry;21.3;5.1;56.8;12.7;13.4;3.3;16.2;3
73157;Modane;26.2;5.2;23.7;9.5;16.6;2.4;14.8;4.7
73171;Montmélian;21.6;3.8;35.5;10.7;17.8;4.7;15.2;2.4
73181;Moûtiers;21.3;4.8;43.1;15.6;15.6;2.2;14.8;5.4
73215;Valgelon-La Rochette;24.7;3.2;53.5;10.7;17.1;4.3;17.8;1.1
73236;Saint-Genix-les-Villages;30.9;2.9;41;9.2;17.4;0;17.7;3.1
73248;Saint-Jean-de-Maurienne;29.2;4;21.9;9.9;16.1;2.9;17.9;5.5
73270;Saint-Pierre-d'Albigny;24.6;2.9;54.7;9.7;13.4;2.4;15.8;2.4
73303;Ugine;25.4;3.2;34;7.9;15.9;2.2;19.4;3.4
73304;Val-d'Isère;16.4;8.5;0;34;0;5.8;8.2;8.5
73330;Yenne;24.9;2.3;25.5;8.9;11.5;2.5;16.8;2.6
74010;Annecy;28.4;4.7;52.6;11.9;8.5;3.1;14.5;2.6
74012;Annemasse;23.9;3.1;8.6;5.9;4.6;1.9;12.2;2.5
74042;Bonneville;29.1;2.9;18.2;5.8;5.5;5.9;13.7;2.2
74043;Bons-en-Chablais;22.9;2.2;12;3.6;1.2;0;11.4;1.2
74056;Chamonix-Mont-Blanc;24.2;5.5;39.6;14.2;11.9;3.1;14;5.5
74081;Cluses;26.2;3;20.8;8;7.2;2.7;16.6;3.2
74096;Cruseilles;25.8;3.4;39.1;8.9;3.9;6.7;10.1;0.6
74105;Douvaine;19.1;1.9;23.2;3.7;7.9;5.4;10.6;2.3
74123;Faverges-Seythenex;28.5;3.6;42.9;9.2;11.6;3.6;17.1;1.8
74137;Groisy;27.8;4;66.6;10.3;4.2;3.7;11.7;1.8
74191;Morzine;20.4;4.7;34.3;13.7;12.6;2.3;12.9;5.7
74220;Reignier-Ésery;27.8;2.1;21.2;4.2;9.2;4.1;12.8;2.1
74224;La Roche-sur-Foron;28.7;2.4;39.3;3.9;3.1;5.2;13.5;1.7
74225;Rumilly;28.3;2.8;34.8;6.3;10.4;1.9;13.7;2.1
74236;Saint-Gervais-les-Bains;25.3;5.5;48.6;17.4;16.7;1.4;16.6;6.9
74243;Saint-Julien-en-Genevois;16.9;2.3;17.9;4.2;4;1.6;9.8;1.8
74256;Sallanches;25.8;4.4;46.6;9.9;12.8;5.6;16.3;2.6
74258;Samoëns;27.5;3.7;22.7;15.9;18.1;0;14.9;4.5
74269;Seyssel;25.9;1.7;40.2;5.6;8.8;1.6;14.1;2.4
74276;Taninges;26.5;5.2;59.7;8.4;9.6;7.2;14.2;2.4
74280;Thônes;26.3;5;39.6;11.9;11.2;4;13;4
74281;Thonon-les-Bains;23.4;2.9;29.4;6.8;9.8;2.6;N/A - secret statistique;2.8
74311;Viuz-en-Sallaz;26.6;2.7;20.3;8.1;12.9;2.7;13.7;1.4
75056;Paris;21.7;3.4;24.9;6.6;7;2.1;N/A - secret statistique;2.9
76034;Val-de-Scie;23;4;58.5;8.5;10.4;2.6;N/A - secret statistique;2.6
76035;Aumale;25.7;3.5;5.6;6.8;15.2;2.2;20.1;3.4
76057;Barentin;35;3.6;42.5;7.6;11.5;1.8;18.3;2.4
76101;Blangy-sur-Bresle;27.7;3.5;8.7;10.4;14.7;1.7;21.6;2.6
76114;Bolbec;27.8;2.8;19.1;4.2;14.9;0.8;17.1;1.5
76146;Buchy;23.2;3.8;12.6;6.3;12.6;2.5;18.5;1.3
76159;Cany-Barville;29.9;2.7;23.5;3.1;11.7;0;19;2.3
76164;Rives-en-Seine;32.9;3.8;18.2;6.4;10.9;0;19.4;1.8
76196;Criquetot-l'Esneval;27.3;2.9;22.9;6.9;9.2;3;16.1;2.3
76217;Dieppe;29.7;3.3;14.1;6.6;14.3;1.6;20.1;3.1
76219;Doudeville;30.4;3.2;0;4.7;5.8;0;N/A - secret statistique;2.3
76222;Duclair;34.3;2.9;19.1;7.7;13.4;0.9;20.2;3.3
76255;Eu;29.7;3.6;31.7;7.7;18.7;1.4;22.7;3.5
76258;Terres-de-Caux;30;3.1;0;4.4;16.7;0;17;2.2
76259;Fécamp;27.2;3;23.9;5;18.4;2.3;18.7;2.9
76276;Forges-les-Eaux;24.9;4.2;23.1;9.2;17.7;3;21.7;3.1
76302;Goderville;30.2;2.8;67.2;5;13.4;1.7;16.1;2.5
76312;Gournay-en-Bray;26.3;2.2;4.6;5.1;12.5;0.9;21.6;2.3
76351;Le Havre;21.5;3.5;26.4;7.9;15.8;2.7;18;2.8
76400;Luneray;30.2;3.5;17.2;6.9;14.6;0;N/A - secret statistique;2.6
76462;Neufchâtel-en-Bray;24.4;4.4;17.7;8.8;9.4;3.5;20;1.8
76476;Port-Jérôme-sur-Seine;29.3;2.6;3;4.2;11.1;0;16.8;2.4
76482;Offranville;30.5;4.2;23.9;9.6;10.4;4.7;19.7;2.4
76540;Rouen;24.5;4.5;32.5;9.4;11.2;2.4;18.5;2.8
76647;Saint-Romain-de-Colbosc;25.7;3.5;17.1;7.4;14.3;3.5;14.6;1.1
76648;Saint-Saëns;24.1;4.2;102.4;11.9;11.9;3.3;18.7;1.7
76655;Saint-Valery-en-Caux;31;3.3;22.9;8;14.9;4.4;N/A - secret statistique;3.4
76752;Yerville;32.7;3.1;11.3;3.4;6.8;0;18;1.1
76758;Yvetot;32.9;4.2;41.3;9.2;8.9;3.1;18.5;2.5
77051;Bray-sur-Seine;31.2;1.4;0;2.7;12.1;2.6;21.1;1.3
77053;Brie-Comte-Robert;29.5;2.4;18.6;5.1;10;1.3;14.9;2.3
77088;La Chapelle-la-Reine;31.6;2.2;30.5;6.1;18.3;8.9;16.4;3.1
77100;Le Châtelet-en-Brie;31;1.8;11.2;3.4;13.4;2.2;17;1.1
77118;Claye-Souilly;19.9;2.8;13.7;7.8;7.8;2.7;15.9;2.3
77131;Coulommiers;24.8;2.3;20.3;4.7;9.3;1.3;16.9;2.5
77142;Crécy-la-Chapelle;23.6;2.2;24.7;1.6;5.8;3.2;14;1.6
77153;Dammartin-en-Goële;17.8;2.3;10.4;3.9;7;0.5;14.2;2.8
77171;Esbly;23.8;2;7.9;3.2;7.5;3.1;14.3;2
77182;La Ferté-Gaucher;26.3;1.5;9.3;3.7;13.9;0.9;18;2.3
77183;La Ferté-sous-Jouarre;23.2;2.1;3.1;4.3;9.9;1.2;15.6;2.2
77186;Fontainebleau;30.2;3;36.2;8.3;11.6;3.1;16.2;3.4
77192;Fontenay-Trésigny;30;1.8;15.2;4.2;8.4;2.3;14.8;1.9
77268;Magny-le-Hongre;22.7;2.2;31;6.2;6.2;4;11.9;2.1
77284;Meaux;17;2.6;17.2;6.3;7.3;2.3;14.7;2.4
77288;Melun;25.6;1.9;20;5.2;9.7;1.9;17.2;2.3
77305;Montereau-Fault-Yonne;26.6;2.4;10;5.2;13.2;0.7;16.6;2
77316;Moret-Loing-et-Orvanne;30.6;2.9;30.2;4.4;12.7;3.9;16.7;2.3
77327;Nangis;29.4;1.6;2.8;2.3;9.7;1.1;N/A - secret statistique;2
77333;Nemours;28.9;2.3;26;4.9;10.7;2.5;18.7;3.1
77379;Provins;30.7;2.2;13.3;4;13;1;N/A - secret statistique;2.7
77393;Rozay-en-Brie;30.3;2.5;0;4;9.2;0;15.3;1.3
77407;Saint-Fargeau-Ponthierry;30.4;2.2;26.6;4.5;10.4;1.6;16;2.7
77437;Saint-Soupplets;16.9;2.2;0;8.3;6.2;0;14.1;2.1
77458;Souppes-sur-Loing;25.5;2;0;4.7;14.1;1.5;20.2;2.3
77470;Tournan-en-Brie;32.4;2;4.2;2.9;8;0.8;15.1;1.7
78029;Aubergenville;24.6;3.4;6;9;4.2;5.8;15;2.4
78089;Bonnières-sur-Seine;29.7;1.8;22.7;3.4;5.1;2.2;16.8;1.7
78217;Épône;32.7;2.5;39.6;5.3;7.9;3.1;14.5;2.1
78220;Les Essarts-le-Roi;36.7;2.7;58;4.8;3.9;1.9;15;2.9
78267;Gargenville;27.4;3.2;15.9;6.9;6.3;1.1;15.5;2.6
78310;Houdan;28.3;1.8;22.9;1.9;5.3;3.7;14.1;1.5
78361;Mantes-la-Jolie;27.9;2.7;16.3;4.9;6.3;1.5;16.1;2.4
78420;Montfort-l'Amaury;36.2;2.3;92.5;10.8;4.6;5.9;15.3;1.5
78455;Noisy-le-Roi;39;2.7;32.8;7.5;6.1;2.7;14.7;2.8
78486;Le Perray-en-Yvelines;36.9;2.6;20.2;7.1;14.1;2;15.6;3
78513;La Queue-les-Yvelines;33.5;2.2;24.3;4.9;8.5;2.4;13.1;2.4
78517;Rambouillet;35.7;3.1;37.4;6.8;5.9;3;16;2.2
78537;Saint-Arnoult-en-Yvelines;33.8;2.7;45.5;5.2;9.1;0;15;1.9
79005;Airvault;25.9;3.7;30.2;10.1;15.1;2;21.3;3
79048;La Crèche;32.4;3.7;9.5;5.7;8.6;0;16.4;1.9
79049;Bressuire;31.1;3;12.7;7;9.5;3.8;16.8;3.2
79061;Celles-sur-Belle;29.4;2.8;0;6.3;9.5;0;15.9;3.2
79062;Cerizay;33.2;2.8;0;5.1;11;4.4;18.8;2.9
79079;Mauléon;32.6;1.9;18.8;2.8;7.5;1.9;15.3;1.9
79083;Chef-Boutonne;21.3;2.4;0;10.5;21;0;21.9;4.5
79101;Coulonges-sur-l'Autize;30.8;1.8;18.4;3.7;15.7;1.8;17.6;3.7
79174;Melle;25.8;3.5;5.3;10;15.8;2.1;N/A - secret statistique;3.7
79179;Moncoutant-sur-Sèvre;31.7;2.5;0;5.6;8;1.6;18.7;3.2
79191;Niort;30.4;3.7;16.4;7.6;10.9;3;N/A - secret statistique;3.4
79195;Nueil-les-Aubiers;31;2.3;13.2;6.6;9.3;0;17.2;1.3
79202;Parthenay;23;2.5;8.3;5.5;13.3;3.2;19.5;3.9
79270;Saint-Maixent-l'École;25.2;2.6;14.9;4.5;14.6;1.5;17.3;3.4
79307;Sauzé-entre-Bois;17.3;3.4;0;7.1;10.7;3.6;20.9;1.8
79311;Secondigny;25.6;1.9;0;5.1;10.2;0;19.9;2.5
79329;Thouars;33.1;3;5.8;5.8;13.1;1.7;19.5;3.5
80001;Abbeville;30.5;4.4;29.7;8.3;15.3;1.6;19.6;3.4
80010;Ailly-sur-Noye;31.1;3.1;36.7;9.2;20.2;3.6;17.1;1.8
80013;Airaines;29.6;3.7;20.5;7.2;16.4;2;20.4;3.1
80016;Albert;27.4;3.9;30.8;7.5;13.7;2;18.5;3.1
80021;Amiens;27.9;5.7;42.6;11.2;12.4;2.5;17.1;3.3
80211;Conty;29.7;3.7;58.2;10.2;21.8;2.8;N/A - secret statistique;1.5
80212;Corbie;29;4.7;38;10.8;12.7;2.4;18.8;3.2
80222;Crécy-en-Ponthieu;28.8;3.2;55.7;13;29.7;3.7;20.1;3.7
80253;Doullens;22.8;3.5;29.9;5.6;16;1.5;18.9;2.6
80318;Flixecourt;28.5;4.5;10.9;9.3;12.5;2.2;19.2;3.3
80368;Friville-Escarbotin;29.7;3.8;8;5.6;13.6;0.8;21.9;2.8
80373;Gamaches;28.7;3.3;0;4.8;19.4;0;20.6;3.6
80410;Ham;22.7;2.7;14.3;5.2;13.8;0.9;19.7;2.9
80561;Montdidier;21.9;3.8;8.5;6.8;15.3;1.6;19.4;2.5
80570;Moreuil;26.9;4.6;32.7;11.4;13.9;3.2;17.6;3.3
80606;Oisemont;29.2;3.4;33.6;8.4;13.4;3.3;N/A - secret statistique;1.7
80620;Péronne;23.5;2.8;7.6;6.1;14.5;3;N/A - secret statistique;3.4
80630;Poix-de-Picardie;25.8;3.6;33.3;6.7;11.7;3.3;18.2;3.3
80680;Rosières-en-Santerre;25.9;4.4;0;7.8;12;1.2;18.4;3
80685;Roye;23.7;3.2;6.3;5.1;12.6;1.3;18.1;2.5
80688;Rue;29.2;4.3;57.3;13.1;13.9;1.6;22.9;4.1
80721;Saint-Valery-sur-Somme;30.4;3.4;34.3;9.2;19.5;0;22.6;3.4
80799;Villers-Bretonneux;31.3;5.1;105.5;16.4;17.6;0;16.2;3.5
81003;Alban;27.9;2.4;30.1;9;42.1;0;20.1;6
81004;Albi;33.2;4.2;38.2;9.3;24.3;3.2;20.4;3.3
81060;Carmaux;34.2;2.8;11.2;4.5;40.9;2.2;20.3;3.4
81065;Castres;24.2;3.3;38.7;8.1;24.9;3.5;N/A - secret statistique;3.4
81099;Gaillac;34.9;3.6;43.2;9.7;21.6;3.1;N/A - secret statistique;3
81105;Graulhet;38;2.4;34.5;4.4;22.2;1.9;20.4;2.5
81120;Labruguière;24.8;2.9;13.9;2.8;27.9;5.4;20.1;1.4
81124;Lacaune;21.8;2.3;27.6;4.1;30.3;0;N/A - secret statistique;5.5
81140;Lavaur;35.3;2.5;55.7;4.6;24.3;4.9;18.7;2.5
81163;Mazamet;29.4;2.5;16.9;4.4;31;1.3;22.2;3.4
81219;Puylaurens;29.1;3.1;53;8.5;22.3;6.3;19.1;4.2
81220;Rabastens;34.4;3.1;44.8;9;24.2;3.5;16.4;3.6
81222;Réalmont;31.5;3.2;27;9;19.8;0;19.7;2.7
81271;Saint-Sulpice-la-Pointe;33.7;3;55.9;4.8;12.8;4.7;13.4;1.6
82013;Beaumont-de-Lomagne;28;4.1;16.9;8.4;23.6;1.7;18.1;1.7
82033;Castelsarrasin;33;2.5;7.9;1.6;19.1;1.6;16.6;2
82037;Caussade;28.7;3.4;13.9;6;27.4;2.7;N/A - secret statistique;3.7
82075;Grisolles;28.8;3.6;68.9;11;15.2;5.5;14.4;2.8
82087;Lafrançaise;32;2.1;27.7;6.9;24.9;2.7;16.7;2.8
82112;Moissac;30.9;2.9;17.2;5.6;23.6;0;18.9;2.1
82121;Montauban;32.5;4.1;32.7;7.5;22.7;2.1;17.8;2.2
82125;Montech;31.6;2.7;29.3;10.7;16.6;3.8;16.1;2.9
82134;Nègrepelisse;29.3;3.1;50.5;7.9;21.7;4.2;16.5;2.9
82155;Saint-Antonin-Noble-Val;27.2;3.3;86;6.1;23.3;2.4;N/A - secret statistique;4.9
82186;Valence;28.9;2.7;29.6;6.4;21.7;1;19.2;4.4
82190;Verdun-sur-Garonne;29.7;2.6;10;3;14;0;15.2;2
83007;Aups;37.6;4.2;34.6;17.3;41.5;0;N/A - secret statistique;3.5
83012;Barjols;37.5;3.4;37.4;6.6;28.1;0;25.3;3.7
83019;Bormes-les-Mimosas;35.2;4.7;6.8;13.5;27.7;5.1;26.3;4.1
83023;Brignoles;36.9;2.8;22.6;3;24.8;2.2;20.6;2.3
83032;Carcès;35.1;2.1;11;4.4;21;0;23.1;2.2
83036;Cavalaire-sur-Mer;32.8;3.8;24.3;8.1;25.9;0;21.6;3.2
83042;Cogolin;30.4;4.4;22.1;8.1;14.7;0;16.9;3.7
83050;Draguignan;34.7;3.5;39.6;6.7;23.9;2.6;18.7;2.8
83055;Fayence;32.2;3.4;57.3;6.9;25.2;0;19;2.9
83061;Fréjus;34.6;3.5;25.4;9.3;29.9;2.7;22.8;3.5
83064;Garéoult;36.7;3.3;36;10.1;27.4;0;19.7;3.6
83071;La Londe-les-Maures;33.3;3.4;36.3;10;42.7;3.5;22.4;2.7
83072;Lorgues;35.6;3.6;22.6;7.5;22.6;4.4;21.1;3
83073;Le Luc;32.4;2.6;40.4;5.7;16.6;1.6;18.5;2.4
83081;Montauroux;33.5;4.1;47.3;8.5;15.1;3.7;16.8;1.9
83091;Pierrefeu-du-Var;32.6;2.1;16.4;9.9;31.2;3.3;21.1;3.3
83104;Rians;32.7;3.3;58;7.7;21.3;11.5;20.6;1.9
83106;Rocbaron;32.5;3.4;18.2;6.4;13.7;3.6;16.6;1.8
83107;Roquebrune-sur-Argens;38.6;2.5;60;6.7;22;2.6;22.2;2.7
83115;Sainte-Maxime;37.9;4.6;16.8;10.1;26.4;0.8;21.3;3.4
83116;Saint-Maximin-la-Sainte-Baume;36.7;3.2;41.7;6.5;25.6;2.3;19.1;2.4
83119;Saint-Tropez;35.9;4.1;24.5;16;20.9;2.3;21.7;7.4
83121;Salernes;39;4.4;29.9;9;32.9;2.9;24.1;1.5
83137;Toulon;33.1;4.2;41.1;11.1;29.9;3.1;20;3.6
83148;Vidauban;34.1;3.2;13.7;6.2;20.5;1.4;18.5;2.1
84003;Apt;32;3.5;29;7.6;19.6;2.8;20;3.6
84007;Avignon;21.3;4.2;29.6;8.8;20.7;2.6;18.1;3.5
84019;Bollène;25.8;2.7;10.9;5.1;16;2.8;19.8;3.3
84031;Carpentras;29.6;2.9;28.6;6.1;21.1;2.6;18.2;3.1
84035;Cavaillon;34.4;3.7;30.2;9.2;27;2.1;18.3;3.9
84054;L'Isle-sur-la-Sorgue;31.5;3.6;44.4;7.4;25.4;3.4;19;3
84071;Maubec;34.2;2.8;44.2;10.6;26.5;3.5;19.1;4.4
84087;Orange;26.3;3.2;38.8;5.8;18.8;3.4;17.8;3.2
84089;Pertuis;33.4;4.1;54.6;9.8;23.5;2.8;19.2;2.9
84106;Sainte-Cécile-les-Vignes;25.2;3.3;33.2;6.6;20.8;0;17.1;2.5
84123;Sault;23.9;3;17.5;7;26.3;0;17.1;5.3
84133;La Tour-d'Aigues;32.3;3;24.5;7.3;17.1;0;18.9;3.7
84137;Vaison-la-Romaine;22.3;4.7;36.7;12;27.8;2;20.5;2.6
84138;Valréas;23.8;2.8;13.8;5.5;23;0.9;20.5;3.2
85003;Aizenay;33.2;2.2;18.9;4.3;7.6;2.8;15.2;2.4
85018;Beauvoir-sur-Mer;32.9;3;22.7;5.3;16.6;0;21.7;3.8
85019;Bellevigny;29.9;2.7;34.6;1.2;11.5;0;13.4;2.3
85020;Benet;32.2;2.7;27.9;8.4;7;2.7;17.8;2.8
85035;Bretignolles-sur-Mer;45.1;2.7;12.4;11.1;11.1;0;26.6;3.7
85047;Challans;34.3;3.3;27.9;7.2;14.9;2.3;21;2.4
85051;Chantonnay;31.3;2;11.2;4.5;6.7;2.2;16.9;3.4
85059;La Châtaigneraie;30.9;1.9;12.8;3.2;11.5;1.3;19;3.8
85084;Essarts-en-Bocage;26.4;2.6;19.3;4.5;5.1;5.2;13.9;3.2
85092;Fontenay-le-Comte;32.5;2.7;10.2;5.9;10.2;0.5;18.7;3.1
85109;Les Herbiers;31.7;2.8;30.1;6;5;4.6;14.7;2.8
85113;L'Île-d'Yeu;17.4;3.5;20.5;0;18.4;0;16.7;2
85128;Luçon;34.5;3.1;27.9;7;10.6;3.3;21.4;3.1
85146;Montaigu-Vendée;32.1;3.4;39.3;7;9.1;2.1;15;2.7
85151;Mortagne-sur-Sèvre;34.2;2.6;43.8;7.1;5.5;4.4;15.8;3.3
85152;Les Achards;32.6;2.4;26.9;0.9;8.1;1.8;15.8;2.7
85156;Moutiers-les-Mauxfaits;33.7;2.4;34.5;1.2;13.8;2.3;18.9;2.3
85163;Noirmoutier-en-l'Île;36.6;3.1;21.6;9.7;16.2;2;25;6.5
85178;Le Poiré-sur-Vie;33.2;2.5;37.7;5.7;4.7;3.8;14.6;1.9
85182;Pouzauges;32.2;2.2;8.8;3.5;8.4;2.7;16;2.6
85191;La Roche-sur-Yon;32;3.3;29.6;6.8;10;3.1;18.2;2.6
85194;Les Sables-d'Olonne;40.6;3.8;44.4;9.6;15.7;1.6;22.7;3.6
85215;Saint-Fulgent;29.4;2.6;39.1;1.3;6.5;2.7;15.9;1.3
85223;Saint-Jean-d'Hermine;31.8;2.4;28.4;4.3;11.4;2.8;16.5;2.8
85226;Saint-Hilaire-de-Riez;40.8;3;28.4;5.4;14.2;2.7;23.8;2.8
85234;Saint-Jean-de-Monts;41.9;2.7;22.5;7.5;21;1.4;28.4;3.8
85288;Talmont-Saint-Hilaire;42;3;26.8;8;14.7;2.6;24.5;3.1
85294;La Tranche-sur-Mer;43.3;3.4;14.1;9.9;9.9;0;27.1;4.2
86066;Châtellerault;24.3;3.8;23.4;8.3;11.3;1.3;20.7;4
86070;Chauvigny;28.5;3.8;34.7;9.3;11.6;2.3;17.2;4.1
86078;Civray;19.3;3.5;7.8;6.3;7;0;21.8;3.9
86082;Valence-en-Poitou;23.5;3.6;11.3;7.9;11.3;0;19.4;3.4
86092;Dangé-Saint-Romain;24.7;1.8;14.8;1.5;14.8;0;18.9;1.5
86103;Gençay;25.3;3.6;22.2;10;16.6;4.3;19.7;4.4
86112;L'Isle-Jourdain;19.9;3.7;0;10.2;15.2;5.1;22.7;5.1
86128;Lencloître;23.7;3.3;14.4;2.9;2.9;0;19.8;1.4
86137;Loudun;28.1;2.5;28;5.6;15.1;1.1;20.3;3.4
86139;Lusignan;27.3;3.9;28.3;11.3;14.1;1.9;18.2;2.8
86140;Lussac-les-Châteaux;27;3;19.5;5.9;7.8;3.9;18.7;2.9
86165;Montmorillon;22.4;3.4;8.7;7.9;14.8;1.7;21;1.7
86177;Neuville-de-Poitou;29.7;3.8;27.6;9.1;12.2;1.6;16.6;2.8
86194;Poitiers;27.6;4.7;18.6;10.1;10.3;2.2;14.5;3
86293;Vivonne;27;4.9;38.8;7.8;15.5;2.8;16;2.6
86294;Vouillé;30.4;4.3;62.1;12.4;8.5;1.5;16;2.3
87001;Aixe-sur-Vienne;18.8;3.6;27.9;9.1;25.1;1.4;19.6;3.5
87002;Ambazac;19;3.6;27.6;9.2;24.8;3.6;21.6;3.7
87011;Bellac;17.1;2.6;11.7;5.8;22.8;1.1;25.1;5.8
87014;Bessines-sur-Gartempe;16.5;3.4;0;7.6;18.6;0;21.9;3.3
87032;Châlus;15.4;3.7;0;9.5;28.4;3;23.4;4.7
87064;Eymoutiers;21.2;2.9;25.2;7.5;19.5;1.2;22.6;5
87085;Limoges;17.6;4.5;31.2;11;19.5;2;18.8;3.7
87106;Nexon;15.6;2.6;17.1;8.6;18.8;0;18.8;1.7
87126;Rochechouart;18.7;3.4;13.7;8.9;28.9;1.3;25.1;4.1
87154;Saint-Junien;18.7;4;17.1;11.1;19.7;0.8;20;3.8
87161;Saint-Léonard-de-Noblat;25.2;3.4;18.3;8.2;24.7;1.8;22.7;3.7
87187;Saint-Yrieix-la-Perche;11.6;3.6;26.5;8.6;27.8;2.6;22.9;5.3
88075;La Bresse;21.7;2.9;19;6.7;13.3;1.9;20.3;3.8
88078;Bruyères;23.8;3.7;19.6;7.2;13.1;2.6;N/A - secret statistique;2.6
88090;Charmes;23.1;3.1;26.4;6.3;13.7;3.1;17.4;2.6
88114;Contrexéville;22.4;4;27.2;7.3;14.5;1.8;19.7;4.5
88160;Épinal;20.7;4.3;28.5;8.8;11.5;3.3;N/A - secret statistique;3.4
88181;Fraize;24.7;3.4;26.1;10.4;13;3.4;21.3;3.5
88196;Gérardmer;22.7;4.6;44.5;12.5;16.9;3.5;18.9;5.3
88304;Mirecourt;21.9;3.3;16.6;7.7;13.3;2.2;18.5;3.3
88321;Neufchâteau;22.9;3.2;15.9;5.4;13.3;1.2;19.5;2.9
88367;Rambervillers;23.1;3.3;14.4;7.9;13;1.4;19.2;2.2
88372;Raon-l'Étape;26.6;3.9;12.8;7.7;23.5;3.4;N/A - secret statistique;3.8
88383;Remiremont;24.1;4.1;19.3;8.3;12.4;2.7;18.7;3.6
88408;Rupt-sur-Moselle;23.6;2.5;23.8;9.5;14.3;0;N/A - secret statistique;2.4
88413;Saint-Dié-des-Vosges;26.7;3.9;28.2;7.2;16.1;1;20.5;3.3
88468;Le Thillot;22;2.4;24.4;7.3;11.4;0;22.1;5.7
88486;Vagney;26.4;3.3;28.7;4.3;5.7;0;18.6;2.9
88487;Le Val-d'Ajol;25.4;2.4;48.4;7.3;12.1;0;21.5;2.4
88516;Vittel;22.7;3.6;24.2;7.3;15.7;0;20.6;2.4
88530;Xertigny;21.7;2.3;43.6;8.7;16.3;2.2;N/A - secret statistique;4.4
89003;Montholon;26.9;1.9;34.3;2.3;12.6;0;17.2;1.1
89024;Auxerre;27;2.8;23.3;6.1;14.1;1.2;20.9;2.7
89025;Avallon;26.6;3;15.5;6.6;12;1.6;21.5;3.5
89068;Chablis;24.1;2.5;25.2;6.3;7.6;0;18.2;2.5
89086;Charny Orée de Puisaye;27.3;2.1;40.5;5.7;18.6;1.6;23.1;3.2
89206;Joigny;28.6;2.5;19.5;7.2;13.7;2.6;18.6;3.3
89257;Migennes;29.3;2.2;4.8;4.3;11.6;0;19.3;1.9
89309;Pont-sur-Yonne;30.6;1.4;14.2;2.8;16.3;0;19.2;2.8
89345;Saint-Florentin;25.1;2.9;0;7.4;13;1.9;N/A - secret statistique;2.8
89368;Saint-Sauveur-en-Puisaye;26.1;3.6;26.8;10.7;21.5;0;23.9;2.7
89387;Sens;28;3;20.1;6;13.9;1.7;N/A - secret statistique;3.2
89418;Tonnerre;19.2;3.8;6.3;7.5;12.5;1.2;20.3;4.4
89419;Toucy;24.8;2.4;6.6;4.6;14.6;3.9;20.5;3.3
89464;Villeneuve-sur-Yonne;29;1.4;18.6;1.9;10.5;0;20.1;2.5
90010;Belfort;32.3;3.7;20.8;6.7;13.3;2.5;17.4;3.7
90033;Delle;31.8;2.2;10.5;5.8;9.5;4.2;N/A - secret statistique;2.1
90052;Giromagny;34.5;2.6;0;13.8;18.5;6.1;N/A - secret statistique;3.1
91016;Angerville;30.9;2.1;10.3;4.6;7.7;1;16.7;2.1
91021;Arpajon;32.3;2.2;10.4;4.6;7.7;1.6;13.9;1.9
91045;Ballancourt-sur-Essonne;34.3;1.8;18;13.3;6.9;4.2;15.4;2.5
91105;Breuillet;30.9;2.1;15.6;3.5;5.5;0.8;14.3;1.6
91200;Dourdan;24.8;2.1;34.1;4.4;6.8;1.9;16;2.4
91223;Étampes;32;2.4;9.5;3.8;7.6;0.9;N/A - secret statistique;2.1
91226;Étréchy;36;2.1;29.3;5.9;11.7;3.8;15.3;2.9
91232;La Ferté-Alais;35.1;2.4;17;3.4;10.2;3.4;16.7;1.7
91338;Limours;33.3;2.6;46.3;6.3;11.2;2;13.9;2.6
91376;Marolles-en-Hurepoix;36.8;2.1;13.8;2.8;6.9;2.7;13.1;2.8
91405;Milly-la-Forêt;32.4;2;23.1;5.2;14.4;3.4;16.7;2.3
95250;Fosses;29;2.2;21.3;4.8;6.1;0.5;N/A - secret statistique;2.4
95313;L'Isle-Adam;29.8;2.2;18.3;8.1;13.2;3.5;16.3;2.9
95351;Louvres;21.4;2;0;5;6.6;1.1;13.1;2.2
95355;Magny-en-Vexin;22.7;1.8;36.2;7.2;9;4.7;N/A - secret statistique;1.8
95370;Marines;26.4;1.3;8.9;3.6;8.9;0;14.2;1.8
95487;Persan;24.2;2.3;28.6;3.2;8.7;0.9;15.9;2.1
95652;Viarmes;32.1;2.6;14.7;5.4;9.8;1;N/A - secret statistique;2.9
97101;Les Abymes;18;3.7;39.8;8.3;28.6;2.6;19.5;3.9
97105;Basse-Terre;25.6;3.5;13.8;10.6;38;2.9;25.6;3.9
97106;Bouillante;23.3;2.5;41;7.4;32;4.7;26.9;3.3
97107;Capesterre-Belle-Eau;23.4;2;22.4;4.5;29.6;3.2;23.9;3.9
97112;Grand-Bourg;14.7;3.2;9.6;7.7;29.7;0;22.6;4.8
97122;Port-Louis;18.7;1.7;0;7.1;34.6;3.8;24;3.1
97129;Sainte-Rose;24.3;2.5;9.4;8.5;35.7;2.7;21.3;3.3
97209;Fort-de-France;15.9;4;31.5;12;27.1;4.6;20.1;4.6
97213;Le Lamentin;14.8;4.9;15.2;7.9;45.7;4.6;17.6;2.3
97222;Le Robert;17;3.3;34.2;7.4;28.8;3.2;19.9;3.3
97225;Saint-Pierre;15.4;2.7;6.2;10;38.1;2.4;22.5;3.1
97228;Sainte-Marie;16.1;3;47.6;8.3;39;3.5;25.1;4
97302;Cayenne;14.2;2.3;7.1;4.3;16.4;4.2;N/A - secret statistique;2
97304;Kourou;13.3;2.1;10.3;3.4;10.3;3.4;10.3;2.1
97311;Saint-Laurent-du-Maroni;2.4;1.2;1.1;1.8;4.4;2.9;4.2;1.1
97404;L'Étang-Salé;27.5;3.7;97;12.8;24.4;5.3;15.8;2.7
97409;Saint-André;20.8;4.4;17;8.8;35.6;2.9;16.7;2.9
97410;Saint-Benoît;18.4;3.8;25;7.8;17.8;3.3;17.6;3
97411;Saint-Denis;16.9;4.8;24;9.1;21.4;3.7;15.8;2.9
97412;Saint-Joseph;24.6;5;71.9;8.9;26.5;3.1;18.2;3
97413;Saint-Leu;31.5;5.3;101.1;12.9;21.4;8.3;16.4;2.8
97414;Saint-Louis;26.1;8.3;73.7;11.9;23;3.5;17.3;2.5
97415;Saint-Paul;30.4;6.4;62.2;12.1;21.2;4;16.4;2.9
97416;Saint-Pierre;23.8;5.8;89.5;11.6;27;3.1;17.7;2.5
97608;Dzaoudzi;2.4;N/A - résultat non disponible;3.4;0.3;3.1;0;0.5;0.3
97611;Mamoudzou;1.3;N/A - résultat non disponible;0.9;1.4;6.9;3.4;0.3;1.1
977ZZ;St-Barthélémy;20.5;N/A - résultat non disponible;18.9;5.7;12.3;4.1;1.9;2.8
978ZZ;St-Martin;20.2;N/A - résultat non disponible;22.2;7.9;19.7;1.8;16.5;3.5